id,district_name,crop_name,year,area,area_unit,rainfall,temperature,soil_ph,nitrogen,phosphorus,potassium,yield_per_ha,total_yield
1,Viluppuram,Rice,2022,485.86,acres,1628.3,31.72,5.54,95.19,61.62,114.83,4.6,2234.96
142,Viluppuram,Rice,2020,477.98,acres,891.53,21.27,6.24,62.87,53.33,118.01,1.57,750.43
266,Viluppuram,Rice,2024,158.22,acres,1515.85,35.03,6.68,168.11,66.1,235.94,3.44,544.28
588,Viluppuram,Rice,2017,283.85,acres,619.47,23.46,7.87,153.8,34.95,274.6,5.14,1458.99
674,Viluppuram,Rice,2021,379.75,acres,669.02,37.67,7.59,59.81,35.89,202.86,2.89,1097.48
699,Viluppuram,Rice,2022,182.57,acres,1856.21,34.96,7.26,175.23,69.77,181.79,2.75,502.07
728,Viluppuram,Rice,2018,164.67,acres,660.81,28.77,6.77,122.51,32.09,149.56,3.57,587.87
903,Viluppuram,Rice,2021,446.82,acres,1211.19,22.16,6.07,129.44,78.77,178.87,2.97,1327.06
9,Salem,Rice,2023,85.58,acres,956.11,29.15,6.25,129.54,22.43,195.16,2.86,244.76
452,Salem,Rice,2015,37.84,acres,1222.26,33.25,7.39,183.75,79.98,172.56,4.94,186.93
671,Salem,Rice,2019,465.25,acres,1600.52,33.21,7.93,137.16,31.6,230.37,3.28,1526.02
205,Thanjavur,Rice,2018,365.5,acres,1604.5,30.98,5.57,56.21,40.76,257.14,3.52,1286.56
286,Thanjavur,Rice,2018,462.59,acres,561.96,37.37,7.43,71.47,63.53,297.61,2.38,1100.96
505,Thanjavur,Rice,2020,97.02,acres,1033.02,30,7.75,137.03,72.19,262.21,2.57,249.34
739,Thanjavur,Rice,2018,23.48,acres,628.97,26.75,7.14,150.31,42.8,124.18,5.46,128.2
783,Thanjavur,Rice,2016,423.43,acres,540.88,23.17,7.46,112.69,37.63,185.21,3.18,1346.51
977,Thanjavur,Rice,2016,369.83,acres,1380.58,37.8,7.48,64.75,36.2,154.58,3.12,1153.87
446,Pudukkottai,Rice,2023,354.66,acres,564.72,29.07,7.82,151.02,21.81,291.25,4.59,1627.89
573,Pudukkottai,Rice,2024,142.95,acres,1541.66,31.63,7.68,88.39,40.97,236.34,5.05,721.9
648,Pudukkottai,Rice,2023,318.47,acres,1733.94,20.05,5.94,61.6,64.47,191.29,4.22,1343.94
694,Pudukkottai,Rice,2024,63.79,acres,970.51,37.75,6.83,87.71,52.38,103.86,2.57,163.94
912,Pudukkottai,Rice,2022,105.78,acres,602.25,36.09,6.75,141.94,40.91,273.02,5.53,584.96
941,Pudukkottai,Rice,2019,360.79,acres,1522.34,21.2,7.38,53.35,69.88,220.84,3.86,1392.65
87,Tiruvannamalai,Rice,2024,250.13,acres,717.6,30.63,7.39,89.18,29.93,284.23,5.74,1435.75
105,Tiruvannamalai,Rice,2020,64.77,acres,570.67,33.81,7.82,84.87,23.48,153.82,2.12,137.31
166,Tiruvannamalai,Rice,2016,414.76,acres,1647.91,33.68,7.21,195.51,35.29,184.41,4.99,2069.65
317,Tiruvannamalai,Rice,2016,453.58,acres,1135,30.34,6.97,104.61,66.18,145.92,2.84,1288.17
501,Tiruvannamalai,Rice,2021,349.49,acres,582.34,35.92,7.85,191.96,52.51,179.61,4.11,1436.4
566,Tiruvannamalai,Rice,2017,65.48,acres,1991.17,26.55,6.33,131.7,30.05,164.16,5.93,388.3
640,Tiruvannamalai,Rice,2022,383.31,acres,1123.59,22.87,7.76,139.09,57.25,140.06,4.33,1659.73
696,Tiruvannamalai,Rice,2022,201.81,acres,1087.29,23.16,7.34,112.76,25.44,135.3,3.69,744.68
710,Tiruvannamalai,Rice,2020,333.1,acres,832.59,26.84,6.24,96.17,39.14,204.58,2.23,742.81
916,Tiruvannamalai,Rice,2020,102.51,acres,1209.15,22.18,6.97,126.23,58.37,296.46,3.35,343.41
995,Tiruvannamalai,Rice,2015,442.1,acres,1211.92,35.77,6.79,99.05,50.63,190.14,4.66,2060.19
79,Vellore,Rice,2021,221.12,acres,1241.03,29.66,6.92,95.3,79.03,202.09,4.1,906.59
365,Vellore,Rice,2021,15.2,acres,1758.85,28.16,5.58,197.07,72.09,287.71,3.1,47.12
986,Vellore,Rice,2015,69.31,acres,1802.54,34.09,6.72,143.19,54.61,293.92,5.48,379.82
40,Tiruppur,Rice,2022,299.12,acres,677.19,34.56,6.1,162.99,79.84,127.07,1.96,586.28
235,Tiruppur,Rice,2019,262.42,acres,1444.66,27.28,7.04,60.35,63.09,293.58,3.05,800.38
541,Tiruppur,Rice,2022,445.46,acres,691.31,33.58,7.88,73.3,31.82,192.64,5.43,2418.85
605,Tiruppur,Rice,2019,378.55,acres,1016.73,26.78,5.54,181.38,48.48,257.93,3.89,1472.56
812,Tiruppur,Rice,2016,446.88,acres,1529.94,20.3,6.98,94.07,28.06,192.77,2.24,1001.01
915,Tiruppur,Rice,2016,338.34,acres,904.43,25.46,5.59,74.04,25.49,103.06,2.39,808.63
966,Tiruppur,Rice,2019,122.47,acres,1332.29,23.32,7.36,117.89,37.93,240.35,5.49,672.36
325,Kanchipuram,Rice,2024,233.13,acres,1196.75,27.72,7.56,80.42,47.74,264.35,3.35,780.99
414,Kanchipuram,Rice,2016,490.91,acres,1612.62,27.81,7.84,158.58,60.87,112.52,2.98,1462.91
498,Kanchipuram,Rice,2021,239.49,acres,1182.92,25.62,6.12,104.97,32.03,130.83,1.91,457.43
540,Kanchipuram,Rice,2024,451.62,acres,1135.25,24.37,7.12,158.63,24.23,267.67,3.2,1445.18
576,Kanchipuram,Rice,2017,447.55,acres,1986.7,29.04,6.96,121.09,69.88,239.58,3.68,1646.98
843,Kanchipuram,Rice,2017,211.99,acres,1742.46,25.14,7.43,89.7,30.55,110.34,5.1,1081.15
364,Ramanathapuram,Rice,2022,302.52,acres,1951.1,26.43,5.7,199.13,70.51,126.85,4.79,1449.07
828,Ramanathapuram,Rice,2018,238.04,acres,1175.22,25.62,7.4,102.65,36.4,181.44,2.86,680.79
323,Ariyalur,Rice,2021,115.46,acres,648.07,28.62,6.45,154.34,52.22,194.97,2.58,297.89
765,Ariyalur,Rice,2018,266.03,acres,762.71,28.95,7.75,97.76,79.87,265.73,3.68,978.99
790,Ariyalur,Rice,2020,213.26,acres,996.86,22.46,5.77,73.01,49.22,221.18,2.96,631.25
840,Ariyalur,Rice,2020,377.29,acres,1673.25,25.31,6.47,184.27,67.22,225.17,5.66,2135.46
919,Ariyalur,Rice,2022,249.37,acres,1902.11,21.89,6.2,97.89,32.95,225.55,2.21,551.11
945,Ariyalur,Rice,2016,185.44,acres,1568.05,32.51,6.79,112.1,39.28,180.68,2.25,417.24
184,Tiruchirappalli,Rice,2020,461.52,acres,1881.08,26.87,6.52,112.84,37.52,289.61,4.53,2090.69
393,Tiruchirappalli,Rice,2016,422.39,acres,1030.63,30.6,7.67,76.03,30.9,232.26,5.02,2120.4
468,Tiruchirappalli,Rice,2021,220.77,acres,1496.15,32.74,5.73,80.06,46.47,176.39,5.17,1141.38
663,Tiruchirappalli,Rice,2020,201.08,acres,1087.01,21.05,6.19,156.67,39.76,173.16,3.13,629.38
42,Cuddalore,Rice,2022,228.44,acres,820.74,30.41,5.96,135.79,53.78,253.93,2.46,561.96
104,Cuddalore,Rice,2024,429.66,acres,1406.32,29.31,6.51,108.54,72.68,130.34,2.55,1095.63
472,Cuddalore,Rice,2015,376.8,acres,1145.6,35.38,5.91,86.03,57.93,209.86,2.36,889.25
701,Cuddalore,Rice,2021,391.68,acres,1099.05,27.62,7.6,73.37,48.22,140.73,5.87,2299.16
707,Cuddalore,Rice,2019,448.9,acres,542.66,33.48,7.26,104.68,33.65,148.43,3.56,1598.08
825,Cuddalore,Rice,2021,335.6,acres,804.26,37.97,6.92,72.96,55.73,118.45,3.81,1278.64
21,Karur,Rice,2015,352.24,acres,563.05,37.96,6.32,173.01,66.65,104.16,3.91,1377.26
421,Karur,Rice,2019,296.59,acres,1245.59,26.31,7.64,150.74,53.78,277.32,5.86,1738.02
509,Karur,Rice,2022,189.9,acres,1617.45,25.54,6.4,106.87,71.78,144.53,3.13,594.39
422,Virudhunagar,Rice,2022,493.4,acres,511.86,29.21,6.97,156.67,65.69,177.91,4.58,2259.77
457,Virudhunagar,Rice,2017,349.55,acres,752.2,30.49,7.92,72.88,36.17,213.24,5.82,2034.38
564,Virudhunagar,Rice,2023,11.58,acres,513.65,27.35,5.82,195.32,20.46,121.1,2.95,34.16
829,Virudhunagar,Rice,2022,472.53,acres,1603.44,21.35,7.99,111.28,73.63,259.38,5.5,2598.91
907,Virudhunagar,Rice,2021,123.87,acres,1494.53,30.33,5.87,135.7,64.5,260.01,3.35,414.96
230,Erode,Rice,2020,71.07,acres,759.62,29.6,7.73,173.59,52.02,258.16,4.23,300.63
687,Erode,Rice,2019,441.87,acres,1781.84,24.37,5.75,108.59,39.22,204.11,4.4,1944.23
25,Tirunelveli,Rice,2021,405.84,acres,1221.77,32.36,7.24,90.04,27.88,215.47,5.39,2187.48
143,Tirunelveli,Rice,2017,190.86,acres,902.04,35.45,6.57,88.78,56.8,154.09,5.29,1009.65
273,Tirunelveli,Rice,2024,147.35,acres,1026.96,28.89,5.53,124.22,30.56,170.4,5.2,766.22
333,Tirunelveli,Rice,2015,211.14,acres,1065.15,26.46,7.96,171.49,41.45,237.96,4.47,943.8
434,Tirunelveli,Rice,2023,288.82,acres,578.37,30.1,5.96,102.43,63.49,135.33,4.77,1377.67
658,Tirunelveli,Rice,2020,440.12,acres,1899.63,22.07,7.49,127.99,38.36,106.67,3.66,1610.84
807,Tirunelveli,Rice,2015,233.9,acres,1529.02,37.18,5.95,159.85,55.28,108.07,4.81,1125.06
842,Tirunelveli,Rice,2018,99.2,acres,1716.88,22.64,6.5,108.01,35.23,177.53,4.82,478.14
865,Tirunelveli,Rice,2023,438.5,acres,1095.21,35.5,7.5,150.78,68.26,147.76,4.39,1925.01
362,Nilgiris,Rice,2020,252.44,acres,1641.68,37.33,7.51,96.58,74.03,252.02,5.81,1466.68
83,Nagapattinam,Rice,2019,398.56,acres,1303.79,36.56,7.12,154.9,54.51,276.09,5.35,2132.3
191,Nagapattinam,Rice,2017,405.86,acres,811.38,23.97,7.69,198.19,67.4,198.97,5.08,2061.77
199,Nagapattinam,Rice,2017,468.82,acres,1064.92,33.71,7.78,183.18,67.44,155.64,2.64,1237.68
243,Nagapattinam,Rice,2015,290.61,acres,674.7,31.45,6.15,132.58,57.59,126.36,4.35,1264.15
369,Nagapattinam,Rice,2015,242.7,acres,1167.53,30,7.7,85.94,79.85,162.01,5.84,1417.37
483,Nagapattinam,Rice,2015,463.65,acres,812.06,27.02,7.85,64.47,44.18,290.99,1.62,751.11
654,Nagapattinam,Rice,2016,244.79,acres,1303.96,32.99,7.85,107.4,36.21,184.74,3.22,788.22
678,Nagapattinam,Rice,2023,265.67,acres,1091.89,23.48,5.81,76.59,72.72,258.01,2.53,672.15
711,Nagapattinam,Rice,2021,423.99,acres,1423.95,24.07,5.95,79.77,29.29,209.24,4.55,1929.15
856,Nagapattinam,Rice,2016,113.22,acres,1991.04,22.24,6.37,192.02,64.7,124.72,1.8,203.8
118,Tiruvallur,Rice,2015,312.17,acres,1131.71,33.04,6.31,163.75,46.41,189.83,1.73,540.05
136,Tiruvallur,Rice,2016,274.47,acres,941.48,20.3,6.57,185.32,32.48,289.74,2.83,776.75
195,Tiruvallur,Rice,2023,88.09,acres,820.83,30.48,7.07,163.22,24.65,192.18,4.02,354.12
244,Tiruvallur,Rice,2022,32.54,acres,1317.97,22.93,6.65,72.8,59.1,219.59,2.02,65.73
255,Tiruvallur,Rice,2016,66.65,acres,812.67,25.02,6.93,157.38,60.75,264.03,4.14,275.93
263,Tiruvallur,Rice,2019,200.67,acres,586.88,27.08,6.79,105.79,58.84,192.35,5.42,1087.63
378,Tiruvallur,Rice,2018,495.28,acres,989.87,27.63,6.4,76.91,27.89,253.28,1.55,767.68
519,Tiruvallur,Rice,2021,155.35,acres,1211.97,25.87,7.94,144.43,32.91,102.93,4.16,646.26
681,Tiruvallur,Rice,2024,161.01,acres,1000.77,36.46,7.7,192.85,67.39,232.48,2.73,439.56
709,Tiruvallur,Rice,2015,137.61,acres,1450.91,25.15,6.74,163.72,63.95,164.19,2.45,337.14
755,Tiruvallur,Rice,2024,135.96,acres,1827.51,22,6.18,142.74,60.03,176.94,2.96,402.44
805,Tiruvallur,Rice,2024,470.5,acres,923.06,31.12,7.34,150.59,27.71,128.63,5.16,2427.78
855,Tiruvallur,Rice,2022,488.45,acres,1527.79,28.8,6.53,172.63,45.6,247.12,2.65,1294.39
39,Madurai,Rice,2018,213.94,acres,667.03,29.25,6.49,152.93,26.45,260.33,1.99,425.74
218,Madurai,Rice,2018,56.05,acres,1225,34.18,5.81,66.78,35.75,179.23,2.05,114.9
363,Madurai,Rice,2023,411.95,acres,1444.81,30.27,5.55,69.46,77.92,170.66,5.16,2125.66
626,Madurai,Rice,2016,346.08,acres,1076.34,24.39,7.42,87.25,66.9,108.35,4.31,1491.6
632,Madurai,Rice,2024,48.42,acres,1123.51,32.92,6.56,133.73,68.98,204.27,4.67,226.12
794,Madurai,Rice,2015,100.7,acres,1178.65,31.63,6.62,92.7,59.44,185.42,4.76,479.33
73,Kanyakumari,Rice,2022,255.94,acres,858.86,21.05,6.99,190.23,26.37,105.27,2.63,673.12
109,Kanyakumari,Rice,2015,249.94,acres,1782.99,35.79,7.3,145.76,20.59,219.06,3.96,989.76
239,Kanyakumari,Rice,2015,495.79,acres,890.11,30.02,7.99,89.45,60.02,265,4.19,2077.36
46,Theni,Rice,2021,455.64,acres,865.45,35.19,7.48,167.96,65.11,263.32,2.69,1225.67
256,Theni,Rice,2016,198.13,acres,1704.95,22.84,6.09,62.67,35.44,208.02,1.71,338.8
379,Theni,Rice,2019,191.24,acres,1496.59,24.88,6.92,182.93,55.67,132.92,3.08,589.02
785,Theni,Rice,2024,325.14,acres,1548.04,26.29,7.01,175.86,42.31,110.86,2.91,946.16
47,Tiruvarur,Rice,2017,133.7,acres,1498.57,22.61,7.38,56.29,70.01,119.98,4.53,605.66
582,Tiruvarur,Rice,2016,8.89,acres,553.58,25.84,7.27,183.58,37.05,180.15,5.19,46.14
786,Tiruvarur,Rice,2020,222.02,acres,1984.95,32.13,5.77,98.1,76.92,285.19,2.54,563.93
796,Tiruvarur,Rice,2024,271.04,acres,1694.15,29.93,5.99,90.78,43.56,189.92,5.11,1385.01
236,Dharmapuri,Rice,2019,467.02,acres,1999.25,34.05,7.5,101.64,33.69,158.59,3.31,1545.84
508,Dharmapuri,Rice,2024,223.95,acres,992.14,24.55,6.77,180.42,74.92,245.43,5.73,1283.23
801,Dharmapuri,Rice,2017,454.29,acres,589.25,34.19,5.72,102.98,23.98,265.3,3.57,1621.82
900,Dharmapuri,Rice,2021,192.94,acres,1731.98,26.59,7.91,162.2,43.23,110.25,4.26,821.92
924,Dharmapuri,Rice,2021,26.9,acres,1498.99,35.73,6.59,166.43,66.43,256.98,1.92,51.65
276,Thoothukudi,Rice,2023,333.31,acres,1865.68,32.9,7.4,185.12,25.53,207.41,2.83,943.27
313,Thoothukudi,Rice,2022,7.6,acres,1877.17,36.02,7.41,54.99,29.83,152.14,3.78,28.73
630,Thoothukudi,Rice,2019,10.58,acres,634.09,26.98,7.05,177.54,37.86,219.31,5.52,58.4
270,Chennai,Rice,2017,28.46,acres,1240.63,36.55,5.58,180.3,23.05,241.12,3.4,96.76
439,Chennai,Rice,2016,16.93,acres,1362.53,30,5.8,121.3,26.78,102.8,2.07,35.05
460,Chennai,Rice,2015,111.68,acres,1098.51,24.63,6.51,129.46,63.22,188.64,5.81,648.86
644,Chennai,Rice,2024,219.35,acres,1430.23,34.75,7.5,71.42,68.22,239.7,2.08,456.25
646,Chennai,Rice,2020,308.76,acres,632.55,37.15,7.09,126.6,50.49,194.19,3.77,1164.03
852,Chennai,Rice,2018,384.63,acres,654.95,33.05,6.77,189.73,46.71,242.09,4.51,1734.68
860,Chennai,Rice,2017,485.16,acres,1537.36,35.48,6.68,193.45,27.82,289.62,5.58,2707.19
484,Coimbatore,Rice,2015,169.22,acres,786.06,24.39,7.04,118.38,25.81,185.39,2.11,357.05
651,Coimbatore,Rice,2023,112.2,acres,641.88,36.21,6.14,87.51,42.36,253.23,2.91,326.5
831,Coimbatore,Rice,2021,381.9,acres,953.98,24.69,7.58,187.16,62.86,183.41,2.31,882.19
91,Krishnagiri,Rice,2024,354.17,acres,1442.15,27.44,6.3,152.14,35.56,139.11,5.4,1912.52
265,Krishnagiri,Rice,2021,268.24,acres,750.97,37.14,6.39,61.54,22.83,138.44,5.49,1472.64
504,Krishnagiri,Rice,2015,357.72,acres,1275.82,37.47,6.77,118.14,70.99,264.63,2.37,847.8
832,Krishnagiri,Rice,2021,208.7,acres,900.46,36.32,5.65,118.89,67,126.55,4.67,974.63
898,Krishnagiri,Rice,2024,383.89,acres,1939.01,28.59,6.19,101.85,59.03,108.33,3.57,1370.49
933,Krishnagiri,Rice,2017,51.37,acres,1886.01,25.13,6.33,139.88,32.54,241.45,3.34,171.58
226,Perambalur,Rice,2024,26.66,acres,1709.17,35.76,7.89,103.02,72.44,267.15,4.35,115.97
412,Perambalur,Rice,2016,161.09,acres,1876.66,20.17,7.85,167.47,44.65,179.89,5.32,857
577,Perambalur,Rice,2016,138.62,acres,843.31,25.93,7.95,113.17,72.02,208.36,1.56,216.25
717,Perambalur,Rice,2023,139.16,acres,936.22,24.79,6.9,176.25,79.29,162.13,3.97,552.47
879,Perambalur,Rice,2023,274.47,acres,512.87,23.76,6.03,50.7,55.76,115.38,2.93,804.2
936,Perambalur,Rice,2016,300.75,acres,769.12,30.33,7.47,158.5,55.47,291.27,4.75,1428.56
973,Perambalur,Rice,2015,400.42,acres,658.9,28.73,7.93,90.72,27.4,280.15,2.24,896.94
240,Namakkal,Rice,2023,235.88,acres,1584.51,31.81,5.88,113.43,78.3,244.52,3.56,839.73
427,Namakkal,Rice,2016,237.33,acres,665.78,30.54,6.3,156.7,20.25,295.5,5.51,1307.69
464,Namakkal,Rice,2023,8.41,acres,1052.76,27.35,7.36,50.79,20.81,117.62,2.51,21.11
511,Namakkal,Rice,2021,353.03,acres,764.77,36.19,6.07,66.23,49.11,173.95,4.36,1539.21
531,Namakkal,Rice,2018,370.23,acres,689.06,24.81,7.42,150.56,35.35,261.97,1.58,584.96
533,Namakkal,Rice,2020,62.73,acres,1369.43,22.62,6.9,114.46,66.46,152.1,2.36,148.04
536,Namakkal,Rice,2015,340.95,acres,806.47,31.73,6.49,143.33,73.6,115.74,2.39,814.87
553,Namakkal,Rice,2017,404.46,acres,1829.07,31.84,7.99,188.72,69.4,283.82,1.95,788.7
599,Namakkal,Rice,2024,338.28,acres,663.88,24.61,6.48,188.67,45.51,279.24,4.49,1518.88
141,Sivaganga,Rice,2020,147.3,acres,1423.96,27.12,6.51,144.75,26.46,225.49,3.55,522.91
340,Sivaganga,Rice,2023,177.57,acres,746.18,26.38,6.82,128.15,56.72,282.66,3.22,571.78
431,Sivaganga,Rice,2017,379.05,acres,513.24,32.68,6.49,174.42,36.91,228.24,1.72,651.97
776,Sivaganga,Rice,2023,168.67,acres,1138.99,32.3,6.59,122.76,34.63,299.41,2.09,352.52
838,Sivaganga,Rice,2023,295.57,acres,1219.69,35.6,6.61,85.18,65.4,255.5,5.58,1649.28
453,Dindigul,Rice,2024,429.69,acres,1578.8,21.81,5.9,139.74,37.92,151.77,4.19,1800.4
655,Dindigul,Rice,2019,177.19,acres,1560.58,35.33,7.28,125.32,33.19,127.56,5.69,1008.21
662,Dindigul,Rice,2019,394.54,acres,1928.09,30.53,6.73,167.37,77.45,104.97,3.58,1412.45
730,Dindigul,Rice,2018,43.93,acres,738.64,24.42,7.09,131.67,69.01,210.09,3.68,161.66
803,Dindigul,Rice,2015,497.66,acres,1994.12,33.61,6.98,110.86,69.1,166.78,4.22,2100.13
14,Viluppuram,Ground Nut,2017,201.33,acres,819.63,20.64,6.56,73.91,74.97,109.67,1.9,382.53
407,Viluppuram,Ground Nut,2023,236.14,acres,1143.09,22.49,6.14,115.06,76.12,221.42,4.72,1114.58
676,Viluppuram,Ground Nut,2015,68.81,acres,1305.58,30.54,6.65,66.67,70.28,230.72,4.67,321.34
775,Viluppuram,Ground Nut,2022,54.2,acres,1009.04,29.26,5.86,76.66,61.74,224.39,1.75,94.85
220,Salem,Ground Nut,2021,218.75,acres,836.54,34.92,7.19,163.46,68.64,182.82,2.34,511.87
297,Salem,Ground Nut,2015,257.48,acres,1005.09,20.33,5.58,83.33,24.69,236.92,5.44,1400.69
528,Salem,Ground Nut,2020,247.32,acres,609.66,25.23,7.77,183.84,43.82,179.12,1.94,479.8
679,Salem,Ground Nut,2023,114.32,acres,553.55,27.21,6.09,156.96,70.12,108.55,3.52,402.41
824,Salem,Ground Nut,2024,61.97,acres,743.14,29.83,6.43,116.48,23.42,106.6,4.34,268.95
937,Salem,Ground Nut,2016,165.98,acres,1826.16,25.35,6.38,160.93,67.88,128.88,3.2,531.14
13,Thanjavur,Ground Nut,2016,126.46,acres,858.72,27.04,5.84,155.81,65.89,152.73,1.99,251.66
45,Thanjavur,Ground Nut,2019,308.53,acres,1021.49,29.56,6.33,195.18,51.91,271.78,2.14,660.25
308,Thanjavur,Ground Nut,2022,115.56,acres,1576.42,26.99,7.13,111.12,36.03,280.08,4.08,471.48
447,Thanjavur,Ground Nut,2024,199.95,acres,789.2,34.49,6.62,126.04,74.28,262.32,4.33,865.78
858,Thanjavur,Ground Nut,2019,372.39,acres,1657.48,36.76,5.77,76.75,73.7,148.84,3.46,1288.47
866,Thanjavur,Ground Nut,2018,173.36,acres,1402.39,20.25,7.77,193.65,65.84,132.79,2.9,502.74
41,Pudukkottai,Ground Nut,2024,78.76,acres,1377.85,36.75,6.06,165.02,63.38,239.33,4.49,353.63
114,Pudukkottai,Ground Nut,2021,350.14,acres,1044.88,29.66,6.43,130.39,45.44,172.11,3.41,1193.98
231,Pudukkottai,Ground Nut,2024,9.49,acres,1743.77,25.26,5.51,69.61,30.14,268.87,1.96,18.6
302,Pudukkottai,Ground Nut,2024,128.77,acres,841.59,24.76,6.56,139.57,31.32,233.31,2.15,276.86
660,Pudukkottai,Ground Nut,2019,88.1,acres,1478.43,28.75,6.51,149.79,49.29,198.79,2.06,181.49
875,Pudukkottai,Ground Nut,2021,57.72,acres,1874.64,33.56,6.45,154.19,51.29,109.84,5.31,306.49
884,Pudukkottai,Ground Nut,2024,389.64,acres,1663.87,22.91,7.7,134.64,79.78,279.75,5.61,2185.88
904,Pudukkottai,Ground Nut,2022,126.94,acres,1995.02,28.45,5.83,69.59,79.26,173.74,5.35,679.13
50,Tiruvannamalai,Ground Nut,2018,241.06,acres,1987.24,36.85,7.78,150.01,37.09,198.67,2.99,720.77
106,Tiruvannamalai,Ground Nut,2017,201.29,acres,930.23,29.92,5.6,77.05,31.7,104.79,5.14,1034.63
857,Tiruvannamalai,Ground Nut,2016,425.31,acres,1654.47,30.67,7.93,64.11,59.94,128.83,4.73,2011.72
10,Vellore,Ground Nut,2016,151.87,acres,1519.48,35.45,6.42,68.84,55.21,241.21,4.44,674.3
113,Vellore,Ground Nut,2019,11.23,acres,770.38,29.59,6.81,169.35,47.5,299.12,5.37,60.31
374,Vellore,Ground Nut,2024,109.91,acres,1542.09,23.12,5.65,59.12,55.78,150.34,2.3,252.79
827,Vellore,Ground Nut,2023,191.19,acres,1341.92,24.45,7.76,155.27,71.26,211.01,2.27,434
11,Tiruppur,Ground Nut,2024,146.91,acres,656.86,28.94,5.98,127.06,76.79,212.45,3.09,453.95
344,Tiruppur,Ground Nut,2023,434.6,acres,791.57,20.75,7.1,162.35,77.85,134.89,1.85,804.01
419,Tiruppur,Ground Nut,2023,214.96,acres,1243.63,28.79,5.93,101.42,32.43,183.09,2.45,526.65
426,Tiruppur,Ground Nut,2021,450.88,acres,588.35,35.02,6.37,68.62,48.32,187.05,2.22,1000.95
747,Tiruppur,Ground Nut,2015,345.27,acres,578.86,24.26,6.95,197.11,28.37,270.79,5.39,1861.01
806,Tiruppur,Ground Nut,2023,428.15,acres,1326.81,26.1,7,167.8,22.49,143.07,1.85,792.08
490,Kanchipuram,Ground Nut,2020,302.38,acres,1927.21,20.25,6.36,108.1,29.91,133.36,5.33,1611.69
29,Ramanathapuram,Ground Nut,2022,425.69,acres,1120.15,20.7,7.29,140.9,78.57,132.52,3.94,1677.22
248,Ramanathapuram,Ground Nut,2021,387.02,acres,601.14,37.56,6.4,191.41,57.78,194.99,2.15,832.09
277,Ramanathapuram,Ground Nut,2017,267.67,acres,1822.73,32.63,6.41,90.91,44.49,298.7,4.9,1311.58
583,Ramanathapuram,Ground Nut,2019,302.37,acres,611.11,36.27,6.74,157.33,78.12,152.61,2.63,795.23
587,Ramanathapuram,Ground Nut,2015,298.5,acres,1873.49,21.36,7.62,64.86,40.82,225.75,1.63,486.55
998,Ramanathapuram,Ground Nut,2022,452.31,acres,1953.17,35.8,6.28,172.66,47.47,218.94,5.63,2546.51
127,Ariyalur,Ground Nut,2022,169.79,acres,1110.56,23.87,7.51,163.46,38.78,229.04,2.79,473.71
458,Ariyalur,Ground Nut,2015,486,acres,949.73,21.16,7.78,78.99,46.79,180.25,5.44,2643.84
802,Ariyalur,Ground Nut,2022,340.34,acres,1122.88,25,5.87,186.23,39.03,291.07,4.46,1517.92
862,Ariyalur,Ground Nut,2018,176.87,acres,1351.2,29.3,5.86,144.37,29.58,231.97,2.38,420.95
929,Ariyalur,Ground Nut,2018,213.85,acres,1484,27.64,7.34,62.96,58.99,229.48,4.03,861.82
140,Tiruchirappalli,Ground Nut,2020,394.43,acres,635.65,31.61,7.47,99.94,49.14,237.4,3.67,1447.56
261,Tiruchirappalli,Ground Nut,2024,101.19,acres,1520.13,32.26,5.66,142.47,66.73,142.22,3.47,351.13
768,Tiruchirappalli,Ground Nut,2021,98.06,acres,874.37,30.43,6.84,52.12,33.83,206.16,5.85,573.65
846,Tiruchirappalli,Ground Nut,2020,213.63,acres,895.19,33.79,5.57,53.29,67,269.5,4.56,974.15
927,Tiruchirappalli,Ground Nut,2019,319.53,acres,1497,22.19,7.28,77.02,40.53,270.61,4.98,1591.26
947,Cuddalore,Ground Nut,2023,454.33,acres,1387.27,20.73,5.93,156.57,66.43,230.93,4.93,2239.85
98,Karur,Ground Nut,2019,25.18,acres,1638.18,34.07,7.66,140.45,67,160.22,2.14,53.89
278,Karur,Ground Nut,2017,413.14,acres,1590.69,28.69,7.57,112.78,21.14,262.99,3.86,1594.72
331,Karur,Ground Nut,2020,482.55,acres,877.93,36.9,6.03,77.86,48.49,193.87,5.89,2842.22
381,Karur,Ground Nut,2019,354.05,acres,781.16,34.19,7.71,185.14,76.39,203.52,5.52,1954.36
798,Karur,Ground Nut,2018,257.6,acres,1082.33,35.1,5.78,172.43,66.86,232.38,4.12,1061.31
75,Virudhunagar,Ground Nut,2024,424.04,acres,1185.97,21.77,5.7,123.29,34.96,280.94,3.46,1467.18
612,Virudhunagar,Ground Nut,2020,399.92,acres,842.59,26.13,5.89,185.24,59.93,106.08,3.79,1515.7
744,Virudhunagar,Ground Nut,2016,374.71,acres,951.23,36.99,5.66,178.65,60.52,296.72,5.83,2184.56
180,Erode,Ground Nut,2023,18.3,acres,854.67,27.78,6.44,101.54,76.1,183.62,5.33,97.54
206,Erode,Ground Nut,2020,459.17,acres,554.39,29.22,6.39,84.33,35.99,291.61,2.39,1097.42
503,Erode,Ground Nut,2024,493.73,acres,528.96,27.33,7.21,111.46,32.24,219.3,5.75,2838.95
561,Erode,Ground Nut,2024,13.22,acres,1272.11,35.15,7.15,54.78,46.06,285.33,2.41,31.86
665,Erode,Ground Nut,2021,467.53,acres,523.56,27.51,5.88,140.62,69.96,207.6,3.47,1622.33
745,Erode,Ground Nut,2020,55.27,acres,1220.31,22.31,5.93,124.27,22.59,137.97,4.31,238.21
910,Erode,Ground Nut,2020,85.83,acres,1705.9,31.14,6.42,167.26,64.05,249.91,1.9,163.08
993,Erode,Ground Nut,2017,273.73,acres,1233.73,36.64,6.84,97.67,64.51,286.91,5.75,1573.95
170,Tirunelveli,Ground Nut,2017,429.79,acres,1249.05,30.41,6.76,159.33,37.93,277.04,2.89,1242.09
188,Tirunelveli,Ground Nut,2022,354.66,acres,1414.93,34.46,5.64,165.52,43.64,150.21,5.73,2032.2
200,Tirunelveli,Ground Nut,2021,286.07,acres,1469.53,28.39,6.93,87.85,20.4,250.63,1.78,509.2
282,Tirunelveli,Ground Nut,2020,308.34,acres,914.41,34.96,7.02,50.4,32.26,223.89,5.01,1544.78
476,Tirunelveli,Ground Nut,2018,464.38,acres,1154.95,20.76,6.17,93.36,27.16,118.39,5.13,2382.27
478,Tirunelveli,Ground Nut,2021,466.9,acres,628.94,32.65,6.89,61.23,79.28,197.99,2.12,989.83
485,Tirunelveli,Ground Nut,2022,157.36,acres,824.25,31.15,7.24,56.93,33.16,176.62,3.16,497.26
565,Tirunelveli,Ground Nut,2021,222.01,acres,657.83,24.02,7.02,69.47,23.32,113.67,1.84,408.5
579,Tirunelveli,Ground Nut,2024,491.6,acres,1870.36,33.55,7.93,160.76,25.71,219.85,3.37,1656.69
850,Tirunelveli,Ground Nut,2017,301.55,acres,1955.01,21.35,7.99,164.55,36.39,271.9,2.04,615.16
78,Nilgiris,Ground Nut,2016,296.59,acres,730.95,30.28,6.23,110.94,45.73,203.85,5.12,1518.54
176,Nilgiris,Ground Nut,2015,469.15,acres,1829.73,26.39,7.06,88.71,22.13,250.57,3.9,1829.68
349,Nilgiris,Ground Nut,2020,191.04,acres,751.85,28.62,7.66,124.47,55.31,163.9,5.3,1012.51
350,Nilgiris,Ground Nut,2017,213.55,acres,1609.71,22.42,5.85,64.03,62.91,177.73,2.79,595.8
455,Nilgiris,Ground Nut,2020,350.6,acres,1382.86,28.41,5.66,86.32,78.53,244.82,5.76,2019.46
497,Nilgiris,Ground Nut,2021,20.41,acres,565.58,23.59,6.22,148.23,47.29,267.13,2.62,53.47
988,Nilgiris,Ground Nut,2018,80.22,acres,1593.09,35.39,7.12,179.65,70.13,218.65,4.12,330.51
138,Nagapattinam,Ground Nut,2022,375.98,acres,1108.99,24.03,7.05,166.52,74.34,195.78,1.72,646.69
161,Nagapattinam,Ground Nut,2021,287.52,acres,1615.91,20.96,6.14,158.98,59.25,286.62,3.07,882.69
37,Tiruvallur,Ground Nut,2023,329.99,acres,997.93,27.97,7.76,78.09,45.55,150.01,4.99,1646.65
121,Tiruvallur,Ground Nut,2016,7.59,acres,1023.63,35.95,6.72,115.48,21.13,238.14,2.71,20.57
639,Tiruvallur,Ground Nut,2023,225.87,acres,585.63,22.75,7.99,110.27,39.72,187.01,2.86,645.99
784,Tiruvallur,Ground Nut,2021,366.06,acres,1925.56,23.95,5.62,76.56,35.29,285.99,3.46,1266.57
125,Madurai,Ground Nut,2016,467.4,acres,1237.63,32.48,7.67,165.68,66.3,126.01,3.14,1467.64
225,Madurai,Ground Nut,2021,327.7,acres,1607,35.65,7.78,135.26,64.89,203.4,2.37,776.65
382,Madurai,Ground Nut,2015,353.26,acres,1659.28,29.94,6.79,183.69,37.58,211.47,2.94,1038.58
404,Madurai,Ground Nut,2022,173.92,acres,1040.02,26.47,7.26,103.3,69.61,287.28,4.86,845.25
428,Madurai,Ground Nut,2016,118.57,acres,1810.18,20.01,6.81,109.11,53.39,165.77,2.25,266.78
450,Madurai,Ground Nut,2024,161.59,acres,902.24,33.8,5.94,86.84,62.94,236.24,4.94,798.25
861,Madurai,Ground Nut,2016,40.17,acres,624.69,24.14,7.82,62.19,70,283.73,3.01,120.91
878,Madurai,Ground Nut,2018,381.36,acres,1180.71,25.85,7.08,131.06,43.23,135.62,5.21,1986.89
883,Madurai,Ground Nut,2017,241.53,acres,1864.8,37.89,6.29,129.58,73.36,222,1.78,429.92
44,Kanyakumari,Ground Nut,2023,174.8,acres,737.04,29.5,7.59,84.09,61.32,169.59,3.72,650.26
314,Kanyakumari,Ground Nut,2018,267.36,acres,1757.78,30.41,7.5,169.97,59.31,255.54,4.41,1179.06
706,Kanyakumari,Ground Nut,2016,260.73,acres,1803.33,31.89,6.16,128.27,49.99,156.58,5.1,1329.72
100,Theni,Ground Nut,2016,441.51,acres,575.13,28.99,7.24,161.62,66.4,213.71,3.35,1479.06
336,Theni,Ground Nut,2023,189.44,acres,1861.93,34.04,6.9,170.34,41.69,266.29,3.38,640.31
385,Theni,Ground Nut,2019,242.78,acres,581.46,28.67,7.94,128.72,41.49,245.04,3.2,776.9
491,Theni,Ground Nut,2018,418.61,acres,1113.62,28.45,6.14,79.18,47.27,258.92,4.97,2080.49
569,Theni,Ground Nut,2021,173.99,acres,1473.46,20.93,7.05,186.14,71.39,119.62,4.13,718.58
791,Theni,Ground Nut,2018,385.73,acres,1806.06,36.06,6.55,58.52,44.22,136.56,2.91,1122.47
267,Tiruvarur,Ground Nut,2023,23.8,acres,1562.12,29.92,6.91,166.18,34.77,114.3,3.13,74.49
387,Tiruvarur,Ground Nut,2022,361.1,acres,1317.34,20.73,7.68,161.65,44.93,142.03,5.83,2105.21
471,Tiruvarur,Ground Nut,2022,180.84,acres,733.19,37.08,6.19,181.59,54.69,234.27,5,904.2
475,Tiruvarur,Ground Nut,2024,116.98,acres,1132.31,27.69,7.05,105.76,70.47,267.14,3.48,407.09
729,Tiruvarur,Ground Nut,2022,423.42,acres,1134.17,30.45,6.6,188.36,62.66,122.23,5.62,2379.62
52,Dharmapuri,Ground Nut,2016,191.31,acres,825.72,23.61,7.86,119.03,53.34,172.84,5.9,1128.73
108,Dharmapuri,Ground Nut,2016,360.08,acres,977.19,35.48,6.99,62.42,69.85,115.08,4.27,1537.54
193,Dharmapuri,Ground Nut,2022,496.48,acres,1486.91,23.36,6.31,50.23,59.38,174.53,4.81,2388.07
347,Dharmapuri,Ground Nut,2018,483.45,acres,636.09,20.6,7.26,180.1,29.73,102.72,3.62,1750.09
506,Dharmapuri,Ground Nut,2023,149.35,acres,632.18,32.92,5.91,70.74,71.83,259.33,4.08,609.35
617,Dharmapuri,Ground Nut,2016,354.79,acres,1421.79,28.84,5.74,106.88,72.88,140.58,5.81,2061.33
771,Dharmapuri,Ground Nut,2015,342.74,acres,1653.91,26.77,6.08,171.54,48.24,137.72,5.97,2046.16
778,Dharmapuri,Ground Nut,2017,215.65,acres,1994.76,23.11,5.95,162.59,37.66,206.63,2.83,610.29
899,Dharmapuri,Ground Nut,2023,447.85,acres,1621.71,32.22,6.37,103.4,21.53,228.56,5.38,2409.43
85,Thoothukudi,Ground Nut,2021,156.59,acres,711.47,22.56,6.42,131.8,46.03,105.25,2.03,317.88
424,Thoothukudi,Ground Nut,2020,121.95,acres,1268.76,37.51,6.98,161.08,44.02,162.23,5.33,649.99
76,Chennai,Ground Nut,2018,396.04,acres,1225.31,25.48,6.64,93.01,75.19,222.09,3.27,1295.05
342,Chennai,Ground Nut,2015,485.3,acres,1475,30.32,7.89,108.47,69.39,198.36,3.64,1766.49
836,Chennai,Ground Nut,2015,114.3,acres,1725.87,21.66,5.6,104.67,46.26,284.4,1.94,221.74
957,Chennai,Ground Nut,2017,346.74,acres,1240.81,31.98,5.85,54.32,54.08,252.12,5.01,1737.17
159,Coimbatore,Ground Nut,2022,198.39,acres,796.34,24.77,7.81,175.18,55.76,215.16,1.8,357.1
440,Coimbatore,Ground Nut,2019,101.01,acres,1671.81,35.58,5.83,181.37,72.08,221.18,4.66,470.71
554,Coimbatore,Ground Nut,2022,86.98,acres,1034.06,27.54,6.48,90.83,70.22,155.51,2.1,182.66
896,Coimbatore,Ground Nut,2019,39.98,acres,527.17,29.53,6.87,111.92,25.43,249.25,4.31,172.31
294,Krishnagiri,Ground Nut,2015,27.9,acres,1708.38,37.79,6.55,121.68,76.36,237.28,2.67,74.49
303,Krishnagiri,Ground Nut,2023,404.95,acres,695.97,20.48,7.83,151.77,75.63,138.64,5,2024.75
341,Krishnagiri,Ground Nut,2017,52.33,acres,1358.65,28.62,6.64,96.61,74.15,215,2.96,154.9
974,Krishnagiri,Ground Nut,2022,410.65,acres,1287.55,31.17,7.87,118.48,32.05,256.78,4.2,1724.73
397,Perambalur,Ground Nut,2019,110.11,acres,1943.98,23.7,5.77,162.39,70.59,246.01,3.98,438.24
604,Perambalur,Ground Nut,2016,214.98,acres,520.78,37.44,7.03,199.99,55.93,161.51,4.78,1027.6
787,Perambalur,Ground Nut,2018,356.43,acres,565.71,36.89,6.2,122.15,43.27,220.77,4.13,1472.06
886,Perambalur,Ground Nut,2022,332.63,acres,1517.05,27.18,6.04,199.59,76.55,168.88,4.92,1636.54
549,Namakkal,Ground Nut,2015,13.78,acres,1531.59,20.47,7.74,139.63,47.25,118.36,2.45,33.76
799,Namakkal,Ground Nut,2015,217.42,acres,749.77,20.13,6.78,175.79,46.25,122.03,5.94,1291.47
162,Sivaganga,Ground Nut,2017,483.52,acres,1429.2,34.44,6.71,188.79,27.66,219.02,5.96,2881.78
487,Sivaganga,Ground Nut,2020,345.13,acres,1601.71,27.09,6.12,165.1,36.01,233.31,3.47,1197.6
734,Sivaganga,Ground Nut,2016,98.66,acres,1183.86,23.56,7.51,121,73.84,152.39,3.53,348.27
808,Sivaganga,Ground Nut,2017,275.4,acres,1300.24,25.17,7.3,80.09,74.66,215.98,3.55,977.67
198,Dindigul,Ground Nut,2017,92.96,acres,601.11,25.64,7.29,67.11,28.68,284.15,2.56,237.98
202,Dindigul,Ground Nut,2020,191.99,acres,1776.44,34.76,6.55,144.93,56.69,144.68,3.4,652.77
264,Dindigul,Ground Nut,2023,261.65,acres,689.44,26.97,6.34,156.93,21.08,145.76,3.63,949.79
301,Dindigul,Ground Nut,2015,143.31,acres,1831.7,25.96,7.77,177.99,51.71,281.19,2,286.62
383,Dindigul,Ground Nut,2023,237.88,acres,1569.19,20.92,6.54,106.62,44.73,170.07,2.66,632.76
731,Dindigul,Ground Nut,2016,10.25,acres,1931.22,30.97,6.75,82.9,24.3,227.34,5.08,52.07
863,Dindigul,Ground Nut,2017,444.35,acres,709.98,33.31,5.69,176.38,79.56,221.95,2.57,1141.98
69,Viluppuram,Cotton,2023,109.44,acres,694.02,25.65,5.63,186.58,63.02,220.82,5.09,557.05
189,Viluppuram,Cotton,2015,443.63,acres,1768.81,31.38,7.42,132.33,70.06,152.68,2.53,1122.38
305,Viluppuram,Cotton,2020,462.26,acres,1669.57,29.05,7.67,184.12,34.81,237.48,1.97,910.65
418,Viluppuram,Cotton,2020,244.79,acres,1278.57,37.37,6.77,98.93,40.35,216.88,1.68,411.25
596,Viluppuram,Cotton,2015,274.12,acres,1860.47,21.99,7.5,192.75,22.78,128.66,4.14,1134.86
645,Viluppuram,Cotton,2016,473.73,acres,1849.99,33.02,6.91,170.15,25.35,263.7,5.19,2458.66
944,Viluppuram,Cotton,2024,392.26,acres,1527.3,29.17,5.58,171.28,40.9,277.07,3.58,1404.29
869,Salem,Cotton,2023,222.51,acres,854.06,22.98,7.87,115.26,52.41,191.22,1.66,369.37
386,Thanjavur,Cotton,2024,199.36,acres,1102.34,28.43,7.2,125.43,52.88,125.95,2.85,568.18
965,Thanjavur,Cotton,2015,301.88,acres,772.94,37.89,6.99,77.13,54.83,286.15,4.18,1261.86
971,Thanjavur,Cotton,2020,267.73,acres,1622.61,30.99,6.2,101.6,60.09,210.29,2.01,538.14
260,Pudukkottai,Cotton,2019,167.12,acres,1793.44,27.71,7.01,54.84,28.56,151.75,5.14,859
321,Pudukkottai,Cotton,2020,338.27,acres,1882.05,31.11,6.13,73.57,34.89,270.9,3.16,1068.93
594,Pudukkottai,Cotton,2018,227.26,acres,1989.71,25.64,5.98,106,25.97,184.92,3.03,688.6
635,Pudukkottai,Cotton,2020,276.44,acres,952.23,22.53,6.34,198.35,63.56,270.94,5.65,1561.89
826,Pudukkottai,Cotton,2015,426.38,acres,1533.22,23,6.62,185.16,43,115.11,1.54,656.63
985,Pudukkottai,Cotton,2024,66.35,acres,890.14,36.92,7.92,147.59,52.34,248.84,2.2,145.97
96,Tiruvannamalai,Cotton,2020,206.09,acres,1530.21,30.27,7.84,51.15,49.31,167.99,3.17,653.31
103,Tiruvannamalai,Cotton,2019,490.95,acres,1106.34,25.56,7.96,141.28,59.38,115.71,2.8,1374.66
329,Tiruvannamalai,Cotton,2022,9.81,acres,1083.92,23.91,7.35,146.96,45.79,204.47,4.21,41.3
429,Tiruvannamalai,Cotton,2024,99,acres,1898.29,27.64,7.36,62.3,69.99,244.97,4.78,473.22
613,Tiruvannamalai,Cotton,2022,166.91,acres,792.19,37.76,5.6,144.89,23.6,133.67,3.07,512.41
748,Tiruvannamalai,Cotton,2020,16.53,acres,1117.7,24.58,5.53,153.99,27.89,144,4.34,71.74
18,Vellore,Cotton,2016,282.79,acres,1956.52,32.83,6.71,181.02,72.69,107.22,5.68,1606.25
60,Vellore,Cotton,2022,212.22,acres,1833.99,37.65,5.87,147.81,48.65,256.3,5.77,1224.51
134,Vellore,Cotton,2016,135.1,acres,878.21,32.85,6.16,124.47,24.25,105.07,4.12,556.61
283,Vellore,Cotton,2018,180.59,acres,937.44,21.96,7.52,121.52,69.45,285.46,3.88,700.69
284,Vellore,Cotton,2023,170.33,acres,1582.49,20.59,6.33,115.12,41.28,287.3,2.75,468.41
285,Vellore,Cotton,2021,319.44,acres,952.37,32.88,7.91,188.07,42.12,254.19,2.2,702.77
324,Vellore,Cotton,2018,66.86,acres,998.41,34.24,5.63,70.68,53.33,252.28,1.74,116.34
353,Vellore,Cotton,2017,356.54,acres,995.45,37.43,5.52,186.36,75.16,105.17,5.47,1950.27
515,Vellore,Cotton,2016,420.88,acres,873.97,21.1,7.75,159.74,35.93,155.95,5.19,2184.37
967,Vellore,Cotton,2015,226.2,acres,1724.31,34.27,7.49,103.23,28.57,182.06,5.82,1316.48
384,Tiruppur,Cotton,2022,188.97,acres,1973.72,22.87,7.66,148.59,56.93,102.33,3.34,631.16
389,Tiruppur,Cotton,2023,140.78,acres,853.01,26,7.96,193.32,36.5,224.41,2.19,308.31
592,Tiruppur,Cotton,2021,45.18,acres,566.06,28.86,6.02,193.69,20.2,230.76,2.81,126.96
780,Tiruppur,Cotton,2015,56.52,acres,653.73,27.49,7.84,105.36,79.99,234.65,5.68,321.03
894,Tiruppur,Cotton,2016,112.04,acres,1392.79,29.19,6.74,159.76,49.7,282.73,3.81,426.87
8,Kanchipuram,Cotton,2022,334.52,acres,644.57,20.1,7.74,85.56,53.77,133.53,3.57,1194.24
22,Kanchipuram,Cotton,2024,316.01,acres,1156.81,22.89,5.92,195.33,22.25,152.12,1.82,575.14
201,Kanchipuram,Cotton,2016,42.45,acres,1085.96,23.39,6.48,198.09,54.56,291.9,1.92,81.5
680,Kanchipuram,Cotton,2017,199.38,acres,671.77,29.04,7.68,161.7,65.05,194.29,2.96,590.16
682,Kanchipuram,Cotton,2016,191.21,acres,1162.33,35.8,5.6,107,41.92,166.28,4.32,826.03
15,Ramanathapuram,Cotton,2021,376.83,acres,890.46,21.5,6.55,195.98,72.82,174.27,3.79,1428.19
31,Ramanathapuram,Cotton,2019,485.09,acres,691.46,21.74,6.44,107.33,56.42,272.55,2.93,1421.31
66,Ramanathapuram,Cotton,2016,235.64,acres,1895.06,31.89,7.98,146.05,38.24,189.62,2.95,695.14
194,Ramanathapuram,Cotton,2016,204.78,acres,781.34,25.59,6.59,90.14,78.48,290.7,2.15,440.28
212,Ramanathapuram,Cotton,2020,19.14,acres,1257.59,34.71,7.16,181.31,76.19,193.89,5.27,100.87
352,Ramanathapuram,Cotton,2016,319.69,acres,1235.04,28.81,7.33,92.1,37,230.54,2.22,709.71
512,Ramanathapuram,Cotton,2016,123.47,acres,1503,37.84,6.03,159.06,35.64,106.98,5.54,684.02
539,Ramanathapuram,Cotton,2021,139.03,acres,1344.21,22.73,6.62,78.5,27.21,199.92,3.31,460.19
759,Ramanathapuram,Cotton,2018,41.11,acres,1503.48,30.76,5.96,89.64,31.91,100.12,2.25,92.5
813,Ramanathapuram,Cotton,2017,50.38,acres,1616.48,22.53,7.9,153.51,65.29,263.41,3.76,189.43
984,Ramanathapuram,Cotton,2024,235.44,acres,1098.45,34.45,6.28,152.71,21.57,287.81,2.44,574.47
123,Ariyalur,Cotton,2019,336.77,acres,1562.81,26.29,6.67,131.41,64.13,152.78,5.91,1990.31
290,Ariyalur,Cotton,2016,481.23,acres,1799.41,28.66,6.23,142.96,40.92,127.3,5.71,2747.82
614,Ariyalur,Cotton,2020,166.24,acres,912.83,32.8,5.92,83.43,30.28,198.01,4.49,746.42
627,Ariyalur,Cotton,2019,332.59,acres,555.88,31.52,6.85,122.74,61.97,200.3,4.01,1333.69
793,Ariyalur,Cotton,2022,476.41,acres,553.44,32.47,5.64,66.44,32.76,206.06,2.32,1105.27
19,Tiruchirappalli,Cotton,2022,175.56,acres,1671.78,29.96,6.71,154.95,76.48,272.81,1.7,298.45
209,Tiruchirappalli,Cotton,2020,169.37,acres,587.55,29.41,5.57,83.66,79.66,178.79,5.55,940
320,Tiruchirappalli,Cotton,2015,454.85,acres,735.12,29.93,7.19,59.14,43.51,127.56,3.16,1437.33
557,Tiruchirappalli,Cotton,2020,23.54,acres,1305.12,34.17,6.47,104.53,33.85,210.69,5.25,123.58
649,Tiruchirappalli,Cotton,2017,338.68,acres,630.58,25.29,7.58,155.46,66.49,292.01,3.89,1317.47
689,Tiruchirappalli,Cotton,2016,73.36,acres,1259.81,33.36,7.79,141.87,59.64,110.58,1.73,126.91
219,Cuddalore,Cotton,2018,417.04,acres,1538.32,34.73,5.86,115.06,73.38,177.17,4.64,1935.07
304,Cuddalore,Cotton,2023,256.62,acres,1132.68,26,6.21,173.22,47.29,240.51,4.94,1267.7
741,Cuddalore,Cotton,2019,274.17,acres,1194.31,28.12,5.61,96.24,24.01,171.03,5.33,1461.33
764,Cuddalore,Cotton,2015,330.57,acres,889.21,34.52,5.76,196.82,20.96,185.38,3.02,998.32
990,Cuddalore,Cotton,2024,451.69,acres,1303.69,31.17,6.76,163.66,46.61,145.2,3.27,1477.03
43,Karur,Cotton,2021,208.61,acres,1968.77,28.21,7.82,96.14,28.67,228.88,2.81,586.19
112,Karur,Cotton,2023,124.27,acres,1703.05,21.39,5.71,148,21.17,197.07,2.31,287.06
391,Karur,Cotton,2015,376.15,acres,1876.07,27.31,7.51,158.2,67.59,237.22,4.56,1715.24
611,Karur,Cotton,2022,340.32,acres,755.61,30.86,6.96,141.79,59.71,239.55,5.64,1919.4
833,Karur,Cotton,2020,455.98,acres,1711.44,36.01,7.66,93.53,78.88,164.04,5.62,2562.61
157,Virudhunagar,Cotton,2017,418.92,acres,1664.39,22.96,6.6,158.89,55.88,280.44,3.36,1407.57
358,Virudhunagar,Cotton,2022,292.82,acres,1878.31,35.2,7.45,52.75,50.31,268.93,5.12,1499.24
712,Virudhunagar,Cotton,2017,318.48,acres,825.44,29.52,6.52,110.01,45.32,260.84,1.92,611.48
811,Virudhunagar,Cotton,2019,43.98,acres,1565.46,34.52,6.48,68.33,64.09,225.53,2.68,117.87
58,Erode,Cotton,2023,340.26,acres,1861.02,29.98,6.27,143.8,36.22,262.91,3.99,1357.64
316,Tirunelveli,Cotton,2016,269.65,acres,1431,36.81,6.93,105.23,22.16,134.77,4.09,1102.87
727,Tirunelveli,Cotton,2017,217.2,acres,1307.52,21.27,5.67,91.61,56.99,229.06,3.86,838.39
84,Nilgiris,Cotton,2022,227.78,acres,1179.77,25.22,5.74,56.66,36.18,291.14,4.47,1018.18
177,Nilgiris,Cotton,2015,384.37,acres,804.02,35.02,6.23,123.1,53.82,255.15,3.98,1529.79
456,Nilgiris,Cotton,2020,320.01,acres,1114.72,20.49,7.35,128.09,65.44,265.72,4.39,1404.84
607,Nilgiris,Cotton,2019,192.5,acres,1939.44,20.89,6.98,56.07,46.78,191.98,5.14,989.45
659,Nilgiris,Cotton,2017,341.27,acres,1100.04,32.85,7.52,198.43,45.85,168.51,3.91,1334.37
756,Nilgiris,Cotton,2018,320.52,acres,1447.13,28.68,5.5,128.62,73.66,171.22,4.12,1320.54
823,Nilgiris,Cotton,2023,405.87,acres,1666.28,24.75,7.26,101.42,39.36,117.11,4.6,1867
27,Nagapattinam,Cotton,2015,212.66,acres,1239.07,22.3,5.53,101.41,36.26,243.82,4.22,897.43
168,Nagapattinam,Cotton,2016,54.87,acres,1826.16,37.96,7.1,151.51,37.92,237.25,1.91,104.8
547,Nagapattinam,Cotton,2020,202.09,acres,1589.12,26.95,5.7,69.85,41.72,176.58,3.34,674.98
668,Nagapattinam,Cotton,2017,304.72,acres,936.15,21.41,7.18,67.93,51.99,109.18,4.69,1429.14
804,Nagapattinam,Cotton,2018,285.43,acres,1669.97,29.42,6.53,190.36,54.18,206.5,5.54,1581.28
809,Nagapattinam,Cotton,2017,174.76,acres,1018.92,35.59,5.89,161.07,65.36,180.62,5.12,894.77
877,Nagapattinam,Cotton,2019,34.84,acres,1264.27,35.46,6.87,76.09,69.46,207.49,1.55,54
888,Nagapattinam,Cotton,2022,203.53,acres,1483.14,30.57,6.13,163.46,52.79,109.33,4.33,881.28
951,Nagapattinam,Cotton,2016,263.62,acres,1086.02,34.2,7.62,60.63,45.46,156.51,5.84,1539.54
958,Nagapattinam,Cotton,2018,482.67,acres,1543.36,30.35,6.73,197.24,57.36,135.52,5.67,2736.74
980,Nagapattinam,Cotton,2024,484.51,acres,1187.59,24.27,6.47,57.54,67.74,210.43,1.64,794.6
987,Nagapattinam,Cotton,2016,174.08,acres,1428.75,24,5.67,126.64,64.34,292.39,3.65,635.39
132,Tiruvallur,Cotton,2016,229.64,acres,616.41,34.48,6.15,160.66,76.55,214.95,2.3,528.17
192,Tiruvallur,Cotton,2021,138.77,acres,1236.21,29.23,7.32,82.61,74.88,292.32,5.07,703.56
281,Tiruvallur,Cotton,2021,311.02,acres,578.21,30.62,7.3,96.52,36.18,213.07,3.68,1144.55
489,Tiruvallur,Cotton,2024,89.47,acres,602.85,24.44,7.4,108.23,48.43,255.29,5.71,510.87
935,Tiruvallur,Cotton,2022,279.95,acres,877.04,29.73,6.01,58.76,31.3,173.4,1.68,470.32
110,Madurai,Cotton,2015,289.6,acres,1895.39,30.61,5.75,124.46,72.23,290.91,3.02,874.59
449,Madurai,Cotton,2016,193.78,acres,1008.79,29.58,7.15,143.32,42.02,139.19,3.75,726.67
882,Madurai,Cotton,2016,476.5,acres,1230.9,32,7.46,96.02,41.04,289.36,3.47,1653.46
171,Kanyakumari,Cotton,2015,132.57,acres,1735.68,33.23,6.97,102.96,67.24,224.22,5.31,703.95
481,Kanyakumari,Cotton,2021,10.64,acres,766.38,23.36,7.3,108.33,73.19,226.72,4.83,51.39
394,Theni,Cotton,2017,110.67,acres,1295.78,24.56,5.63,105.5,61.7,153.59,5.55,614.22
885,Theni,Cotton,2017,306.94,acres,633.37,30.7,7.99,113.78,24.49,255.13,3.58,1098.85
93,Tiruvarur,Cotton,2015,454.06,acres,1595.38,37.7,7.52,77.25,54.42,154.34,4.43,2011.49
288,Tiruvarur,Cotton,2017,167.59,acres,1142.56,27.48,7.32,88.78,48.81,148.71,4.32,723.99
462,Tiruvarur,Cotton,2020,102.25,acres,1860.83,24.92,6.11,128.4,72.71,146.09,4.76,486.71
502,Tiruvarur,Cotton,2020,15.84,acres,1919.69,37.15,6.21,106.38,62.26,212.24,2.59,41.03
543,Tiruvarur,Cotton,2019,386.11,acres,1201.77,34,5.93,143.63,22.45,138.2,4.93,1903.52
686,Tiruvarur,Cotton,2021,368.4,acres,1190.45,37.33,6.06,170.27,52.15,297,5.99,2206.72
190,Dharmapuri,Cotton,2023,197.41,acres,1812.94,31.37,7.22,172.29,51.06,202.39,2.68,529.06
934,Dharmapuri,Cotton,2021,273.53,acres,1861.25,20.87,6.16,195.91,57.71,256.17,4.06,1110.53
326,Thoothukudi,Cotton,2017,246.02,acres,1904.29,34.5,7.93,82.43,66.64,196.83,4.83,1188.28
618,Thoothukudi,Cotton,2016,453.38,acres,1599.12,22.92,6.13,81.74,71.99,139.01,2.02,915.83
703,Thoothukudi,Cotton,2015,180.06,acres,1954.26,30.47,7.71,136.53,61.38,141.28,5.4,972.32
999,Thoothukudi,Cotton,2016,293.76,acres,1649.99,22.18,7.87,70.41,73.61,184.53,5.8,1703.81
74,Chennai,Cotton,2018,474.54,acres,1240.55,22.64,5.79,182.53,23.9,273.72,3.92,1860.2
210,Chennai,Cotton,2017,104.56,acres,1726.47,29.31,5.85,131.86,41.36,108.08,1.86,194.48
563,Chennai,Cotton,2021,461.46,acres,1165.82,32.63,7.54,178.46,64.85,135.37,4.97,2293.46
968,Chennai,Cotton,2022,222.21,acres,1815.42,30.71,5.66,158.64,49.54,203.57,4.77,1059.94
81,Coimbatore,Cotton,2024,427.52,acres,810.52,33,6.91,174.43,76.89,105.56,2.48,1060.25
443,Coimbatore,Cotton,2022,407.88,acres,623.51,21.06,7.05,196.77,71.57,129.68,4.26,1737.57
597,Krishnagiri,Cotton,2021,409.54,acres,1928.4,20.82,6.55,67.87,59.22,274.97,3.95,1617.68
819,Krishnagiri,Cotton,2023,491.34,acres,1870.35,21.08,6.13,166.78,28.46,115.92,1.79,879.5
839,Krishnagiri,Cotton,2020,281.82,acres,1006.69,25.83,5.8,137.67,69.22,137.37,2.44,687.64
99,Perambalur,Cotton,2017,384.52,acres,1353.45,34.79,7.95,56.94,54.19,225.63,3.16,1215.08
319,Perambalur,Cotton,2023,165.3,acres,613.29,21.34,6.36,123.16,65.35,124.57,3.66,605
708,Perambalur,Cotton,2022,234.66,acres,1035.78,22.43,7.37,75.99,37.77,292.11,4.04,948.03
847,Perambalur,Cotton,2019,340.72,acres,1908.58,22.78,7.3,199.22,40.89,184.95,5.65,1925.07
897,Perambalur,Cotton,2016,90.17,acres,1912.46,32.33,5.99,167.51,40.01,158.37,2.45,220.92
101,Namakkal,Cotton,2021,161.03,acres,818.33,23.27,7.83,176.46,33.6,144.76,4.52,727.86
120,Namakkal,Cotton,2019,202.39,acres,1418.88,20.86,5.94,187.64,41.35,295.11,2.87,580.86
482,Namakkal,Cotton,2017,198.79,acres,886.21,25.69,7.97,82.49,47.86,128.88,4.35,864.74
718,Namakkal,Cotton,2019,146.12,acres,1462.26,28.39,5.65,145.59,37.1,101.99,4.78,698.45
753,Namakkal,Cotton,2020,140.2,acres,1208.65,33.56,6.79,100.66,33.26,280.58,2.5,350.5
762,Namakkal,Cotton,2019,189.8,acres,639.58,25.3,7.51,116.87,28.59,156.1,1.97,373.91
467,Sivaganga,Cotton,2024,488.46,acres,1302.01,23.86,6.75,124,25.24,217.96,4.72,2305.53
469,Sivaganga,Cotton,2020,458.84,acres,1419.76,29.87,6.81,193.28,31.89,145.55,2.28,1046.16
638,Sivaganga,Cotton,2023,19.32,acres,905.27,20.27,7.91,50.57,48.18,227.73,3.03,58.54
918,Sivaganga,Cotton,2017,348.05,acres,1280.59,23.73,7.29,144.49,25.6,173.91,5.78,2011.73
232,Dindigul,Cotton,2021,482.92,acres,1890.23,26.53,6.22,82.42,54.29,178.86,5.62,2714.01
492,Dindigul,Cotton,2018,341.73,acres,527.43,23.6,5.69,67.58,71.52,173.78,3.3,1127.71
499,Dindigul,Cotton,2017,392.19,acres,720.79,28.14,7.97,162.69,25.79,129.26,1.67,654.96
280,Viluppuram,Sugar Cane,2021,136.33,acres,1832.07,26.75,7.26,135.86,22.71,176.57,1.52,207.22
616,Viluppuram,Sugar Cane,2022,116,acres,1599.06,23.24,7.14,180.74,51.77,202.38,4.58,531.28
939,Viluppuram,Sugar Cane,2018,444.19,acres,1268.67,22.98,6.27,156.03,49.83,200.58,3.77,1674.6
135,Salem,Sugar Cane,2018,219.39,acres,658.52,32.25,6.58,77.26,63.56,247.45,2.67,585.77
137,Salem,Sugar Cane,2018,411.55,acres,1725.01,36.66,6.24,90.89,71,194.7,4.19,1724.39
173,Salem,Sugar Cane,2018,244.82,acres,1265.74,31.2,7.99,194.26,34.06,136.54,4.29,1050.28
338,Salem,Sugar Cane,2023,182.09,acres,1239.49,27.65,7.41,197.69,43.38,134.49,4.42,804.84
441,Salem,Sugar Cane,2020,329.19,acres,1824.94,35.36,5.51,120.25,62.61,213.8,4.31,1418.81
698,Salem,Sugar Cane,2022,101.4,acres,1545.27,29.9,6.76,124.58,60.53,239.06,4.7,476.58
757,Salem,Sugar Cane,2024,8.5,acres,629.31,36.38,7.91,71.95,22.03,151.23,2.65,22.52
3,Thanjavur,Sugar Cane,2020,395.34,acres,1479.35,21.94,7.35,101.29,49.11,196.24,2.01,794.63
207,Thanjavur,Sugar Cane,2021,247.85,acres,901.48,22.31,7.1,89.44,32.57,149.06,2.89,716.29
274,Thanjavur,Sugar Cane,2018,16.58,acres,569.59,29.14,6.44,51.37,29.05,262.95,2.91,48.25
345,Thanjavur,Sugar Cane,2022,49.05,acres,1736.64,24.92,6.91,124.01,29.27,125.06,5.41,265.36
625,Thanjavur,Sugar Cane,2016,479.31,acres,1266.55,26.11,5.94,148.79,26.01,209.47,2.71,1298.93
737,Thanjavur,Sugar Cane,2015,85.82,acres,1008.55,33.92,6.95,159.11,48.01,103.49,5.03,431.67
738,Thanjavur,Sugar Cane,2018,92.47,acres,781.05,35.47,6.59,88.03,75.54,197.47,3.39,313.47
17,Pudukkottai,Sugar Cane,2020,439.33,acres,537.3,35.45,6.25,182.15,76.52,221.54,3.07,1348.74
38,Pudukkottai,Sugar Cane,2019,195.05,acres,545.82,32.39,6.98,78.68,52.95,296.79,2.13,415.46
70,Pudukkottai,Sugar Cane,2017,309.98,acres,1729.7,29.16,7.88,199.6,40.78,171.54,2.69,833.85
88,Tiruvannamalai,Sugar Cane,2024,388.55,acres,1977.26,35.19,6.65,107.82,28.31,290.84,3.04,1181.19
149,Tiruvannamalai,Sugar Cane,2015,286.42,acres,1287.61,36.47,5.93,198.49,50.09,193.4,1.59,455.41
150,Tiruvannamalai,Sugar Cane,2015,143.95,acres,1539.51,22.14,7.19,67.64,26.2,210.15,4.93,709.67
351,Tiruvannamalai,Sugar Cane,2024,110.71,acres,1128.69,26.95,7.57,70.73,55.75,248.5,4.06,449.48
670,Tiruvannamalai,Sugar Cane,2015,337.65,acres,1778.71,22.19,6.75,91.55,33.01,176.14,4.95,1671.37
719,Tiruvannamalai,Sugar Cane,2022,490.36,acres,1693.66,30.71,5.83,195.69,26.15,159.35,2.38,1167.06
763,Tiruvannamalai,Sugar Cane,2022,291.01,acres,1187.83,32.97,5.7,86.83,60.08,147.45,2.38,692.6
774,Tiruvannamalai,Sugar Cane,2018,131.67,acres,1279.7,28.79,7.99,61.27,62.78,245.69,2.58,339.71
982,Tiruvannamalai,Sugar Cane,2022,56.4,acres,1208.86,34.86,7.99,79.5,50.83,161.28,3.71,209.24
6,Vellore,Sugar Cane,2016,70.73,acres,844.6,35.3,5.74,178.44,22.13,172.07,5.97,422.26
158,Vellore,Sugar Cane,2020,114.35,acres,898.4,25.69,6.3,58.75,23.05,264.67,3.88,443.68
292,Vellore,Sugar Cane,2022,167.06,acres,1199.48,30.15,7.17,96.75,24.84,228.79,5.52,922.17
327,Vellore,Sugar Cane,2021,321.83,acres,1849.05,21.2,6.05,145.4,46.17,102.38,4.67,1502.95
7,Tiruppur,Sugar Cane,2023,262.29,acres,1049.98,35.49,7.63,65.2,73.66,287.9,4.49,1177.68
224,Tiruppur,Sugar Cane,2018,72.42,acres,653.92,29.03,7.73,108.9,68.27,186.02,5.43,393.24
289,Tiruppur,Sugar Cane,2015,121.54,acres,695,25.84,7.98,180.73,28.36,298,1.66,201.76
318,Tiruppur,Sugar Cane,2016,178.87,acres,1680.55,24.7,7.28,77.14,38.31,254.43,2.74,490.1
408,Tiruppur,Sugar Cane,2017,445.74,acres,1956.25,22.13,7.22,79.82,39.32,273.78,5.13,2286.65
551,Tiruppur,Sugar Cane,2020,395.3,acres,1680.48,30.16,6.89,53.9,31.61,153.75,5.48,2166.24
675,Tiruppur,Sugar Cane,2015,455.58,acres,1548.28,34.61,7.64,166.25,32.04,222.29,6,2733.48
90,Kanchipuram,Sugar Cane,2019,308.28,acres,743.66,25.42,6.84,62.08,42.73,283.63,5.37,1655.46
111,Kanchipuram,Sugar Cane,2024,249.67,acres,1339.82,25.58,7.11,92.54,40.63,114.51,2.09,521.81
271,Kanchipuram,Sugar Cane,2015,230.95,acres,898.47,30.85,7.59,136.62,47.28,170.8,2.59,598.16
532,Kanchipuram,Sugar Cane,2024,369.49,acres,1147.28,20.37,6.66,112,58.16,208.88,2.05,757.45
724,Kanchipuram,Sugar Cane,2016,281.83,acres,1329.78,34.1,6.57,191.23,34.88,213.03,4.3,1211.87
849,Kanchipuram,Sugar Cane,2021,167.6,acres,765.55,25.85,7.09,126,33.07,239.75,3.99,668.72
853,Kanchipuram,Sugar Cane,2019,338.51,acres,1306.82,37.26,5.63,62.46,33.23,167.93,4.94,1672.24
911,Kanchipuram,Sugar Cane,2024,418.85,acres,1310.29,34.27,7.3,189.59,41.63,187.64,5.81,2433.52
949,Kanchipuram,Sugar Cane,2023,219.32,acres,1840.23,31.91,7.47,138.96,48.68,190.72,2.04,447.41
969,Kanchipuram,Sugar Cane,2018,273.91,acres,503.16,36.38,7.05,74.65,40.62,136.72,3.84,1051.81
223,Ramanathapuram,Sugar Cane,2018,250.7,acres,1209.91,30.16,6.06,84.22,63.66,223.19,4.23,1060.46
279,Ramanathapuram,Sugar Cane,2016,260.97,acres,1950.9,29.4,7.22,140.02,44.54,255.75,2.68,699.4
390,Ramanathapuram,Sugar Cane,2017,433.06,acres,1894.7,31.19,7.38,116.87,52.49,270.03,5.93,2568.05
559,Ramanathapuram,Sugar Cane,2019,68.46,acres,693.51,35.92,7.45,195.64,42.94,259.75,2.97,203.33
620,Ramanathapuram,Sugar Cane,2019,178.14,acres,1572.13,20.64,7.82,176.05,74.16,166.87,4.65,828.35
814,Ramanathapuram,Sugar Cane,2022,256.43,acres,1869.28,23.19,6.87,61.03,58.82,225.25,3.52,902.63
917,Ramanathapuram,Sugar Cane,2022,316.51,acres,1342.26,27.12,6.64,124.27,77.98,168.25,3.65,1155.26
16,Ariyalur,Sugar Cane,2016,362.14,acres,629.11,36.16,7.57,108.11,46.43,199.75,2.5,905.35
32,Ariyalur,Sugar Cane,2020,233.19,acres,1569.5,28.13,6.14,187.98,75.63,137.44,5.2,1212.59
227,Ariyalur,Sugar Cane,2015,321.15,acres,1660.37,29.74,7.73,176.49,23.66,124.65,4.05,1300.66
354,Ariyalur,Sugar Cane,2021,425.08,acres,1005.55,24.56,5.97,120.51,53.18,175.32,1.9,807.65
788,Ariyalur,Sugar Cane,2022,21.52,acres,1903.84,22.48,7.62,192.47,55.15,105.24,2.59,55.74
163,Tiruchirappalli,Sugar Cane,2015,363.83,acres,687.02,20.38,7.12,116.92,29.99,233.3,4.08,1484.43
396,Tiruchirappalli,Sugar Cane,2021,193.55,acres,1403.35,20.34,7.02,70.8,71.1,264.51,1.55,300
398,Tiruchirappalli,Sugar Cane,2022,417.99,acres,791.71,22.64,6.58,90.47,31.97,109.63,5.22,2181.91
437,Tiruchirappalli,Sugar Cane,2018,302.98,acres,1036,24.06,7.94,111.18,43.77,238.36,1.59,481.74
817,Tiruchirappalli,Sugar Cane,2024,195.72,acres,1580.8,31.35,7.53,106.73,41.19,107.47,4.28,837.68
893,Tiruchirappalli,Sugar Cane,2016,282.94,acres,950.32,29.92,6.08,136.86,46.88,265.17,4.51,1276.06
20,Cuddalore,Sugar Cane,2016,188.47,acres,1571.97,33.14,6.33,69.07,34.96,235.18,4.45,838.69
30,Cuddalore,Sugar Cane,2024,166.5,acres,1272.95,35.32,7.83,76.77,28.63,169.91,5.32,885.78
517,Cuddalore,Sugar Cane,2019,238.08,acres,627.04,35.13,6.65,60.83,67.21,224.65,2.97,707.1
726,Cuddalore,Sugar Cane,2020,174.47,acres,1811.8,20.46,6.07,76.31,77.87,246.8,2.62,457.11
953,Cuddalore,Sugar Cane,2023,301.37,acres,1517.79,25.12,6.38,173.49,25.1,190.02,2.59,780.55
65,Karur,Sugar Cane,2018,492.71,acres,992.6,26.72,7.19,126.49,25.27,158.09,3.92,1931.42
175,Karur,Sugar Cane,2019,300.41,acres,538.03,28.17,7.74,113.98,57.38,287.61,5.48,1646.25
222,Karur,Sugar Cane,2020,399.67,acres,1877.91,29.26,7.63,67.51,69.38,174.14,3.71,1482.78
486,Karur,Sugar Cane,2016,50.68,acres,1041.31,22.26,6.96,159.16,28.67,270.6,5.02,254.41
693,Karur,Sugar Cane,2023,8.31,acres,888.89,35.68,6.92,161.5,28.66,283.8,4.9,40.72
758,Karur,Sugar Cane,2018,479.67,acres,1597.04,22.6,7.18,128.14,20.32,175.44,4.6,2206.48
145,Virudhunagar,Sugar Cane,2018,54.96,acres,1871.37,35.89,6.86,114.76,54.29,221.38,1.59,87.39
203,Virudhunagar,Sugar Cane,2018,301.24,acres,965.06,34.09,5.52,161.75,21.95,294.92,5.7,1717.07
399,Virudhunagar,Sugar Cane,2019,413.63,acres,897.64,23.66,7.4,90.61,70.78,296.52,5.25,2171.56
413,Virudhunagar,Sugar Cane,2016,38.3,acres,950.95,31.44,6.51,61.21,65.44,244.18,2.2,84.26
562,Virudhunagar,Sugar Cane,2018,226.4,acres,1395.7,21.4,7.68,171.51,47.4,273.43,1.62,366.77
752,Virudhunagar,Sugar Cane,2023,382.73,acres,615.41,28.43,5.89,61.36,71,198.99,4.39,1680.18
978,Virudhunagar,Sugar Cane,2021,146.46,acres,1932.64,34.73,7.74,143.57,34.37,141.25,3.6,527.26
233,Erode,Sugar Cane,2020,139.06,acres,1013.15,25.95,7.52,148.17,55.06,287.97,4.71,654.97
346,Erode,Sugar Cane,2016,106.43,acres,1415.64,37.67,6.73,116.88,70.11,281.38,5.64,600.27
425,Erode,Sugar Cane,2019,478.17,acres,1964.72,20.41,6.73,126.7,53.37,186.89,5.89,2816.42
465,Erode,Sugar Cane,2015,362.58,acres,1452.95,35.24,7.27,141.86,72.27,239.42,5.35,1939.8
669,Erode,Sugar Cane,2022,218.16,acres,1587.54,33.94,7.71,190.76,65.48,272.25,1.86,405.78
690,Erode,Sugar Cane,2023,384.49,acres,1636.2,37.31,7.86,57.36,32.43,222.78,2.4,922.78
754,Erode,Sugar Cane,2015,81.7,acres,1968.55,37.15,7.69,94.64,76.9,184.4,4.34,354.58
864,Erode,Sugar Cane,2022,405.04,acres,639.35,36.06,7.55,180.22,67.35,232.93,5.83,2361.38
68,Tirunelveli,Sugar Cane,2021,398.7,acres,1592.18,24.5,7.75,103.58,65.11,147.3,2.58,1028.65
328,Tirunelveli,Sugar Cane,2020,45,acres,1153.17,29.58,6.04,197.44,74.73,223.93,3.77,169.65
586,Tirunelveli,Sugar Cane,2024,227.82,acres,700.94,26.29,7.82,92.66,77.84,205.09,5.61,1278.07
643,Tirunelveli,Sugar Cane,2017,277.44,acres,730.75,21.94,6.1,89.56,67.92,224.01,1.55,430.03
970,Tirunelveli,Sugar Cane,2023,152.3,acres,1241.19,33.25,7.01,131.32,30.03,137.09,4.28,651.84
736,Nilgiris,Sugar Cane,2017,181.43,acres,907.92,32.55,7.71,164.03,35.33,212.76,4.39,796.48
851,Nilgiris,Sugar Cane,2015,76.21,acres,1689.9,26.39,7.42,124.76,58.13,136.71,3.63,276.64
252,Nagapattinam,Sugar Cane,2017,374.84,acres,1913.08,20.31,6.25,93.8,63.8,155.03,4.06,1521.85
800,Nagapattinam,Sugar Cane,2020,337.22,acres,1947.4,21.12,7.89,76.59,65.71,265.47,4.8,1618.66
868,Nagapattinam,Sugar Cane,2021,218.43,acres,1378.1,21.23,6.67,85.49,63.39,181.57,2.46,537.34
183,Tiruvallur,Sugar Cane,2021,215.37,acres,545.18,35.85,5.65,88.06,67.1,183.04,2.23,480.28
322,Tiruvallur,Sugar Cane,2019,112.35,acres,601.58,23.15,6.38,180.14,33.4,173.34,2.44,274.13
822,Tiruvallur,Sugar Cane,2021,207.63,acres,1504.28,22.02,7.8,189.33,69.99,261.59,4.9,1017.39
296,Madurai,Sugar Cane,2017,408.95,acres,1827.53,34.21,7.23,97.65,30.45,243.92,4.33,1770.75
312,Madurai,Sugar Cane,2019,431.65,acres,986.67,31.2,7.67,63.88,73.65,174.69,5.99,2585.58
480,Madurai,Sugar Cane,2015,176.85,acres,1273.1,37.17,6.97,183.81,37.67,177.33,5.78,1022.19
524,Madurai,Sugar Cane,2017,332.72,acres,738.94,37.37,7.91,183.01,74.67,232.39,2.07,688.73
641,Madurai,Sugar Cane,2021,374.4,acres,922.46,23.45,6.86,61.66,69.34,266.3,5.47,2047.97
652,Madurai,Sugar Cane,2019,207.08,acres,828.83,29.59,6.56,110.4,59.04,114.52,3.27,677.15
925,Madurai,Sugar Cane,2018,143.04,acres,1992.62,26.48,7.82,75.47,62.7,121.53,3.53,504.93
49,Kanyakumari,Sugar Cane,2024,157.43,acres,919.97,33.91,6.87,92,58.18,178.39,5.22,821.78
451,Kanyakumari,Sugar Cane,2024,404.18,acres,1218.03,25.84,5.9,50.84,51.77,249.54,3.84,1552.05
782,Kanyakumari,Sugar Cane,2024,443.73,acres,1825.41,31.86,6.13,150.54,56.39,229.1,2.91,1291.25
870,Kanyakumari,Sugar Cane,2017,160.21,acres,1503.45,28.64,6.51,85.17,76.96,292.6,2.62,419.75
92,Theni,Sugar Cane,2021,404.64,acres,536.24,34.28,5.84,121.22,42.81,294.5,2.96,1197.73
299,Theni,Sugar Cane,2023,276.82,acres,869.76,31.76,7.1,148.24,75.04,212.31,4.29,1187.56
310,Theni,Sugar Cane,2024,350.65,acres,1065.02,31.31,7.36,144.74,73.84,108.53,5.9,2068.84
339,Theni,Sugar Cane,2023,162.58,acres,1517.55,29.14,5.72,74.11,35.19,142.14,2.58,419.46
555,Theni,Sugar Cane,2015,369.44,acres,1700.06,23.75,6.48,85.88,29.37,123.38,3.82,1411.26
721,Theni,Sugar Cane,2016,490.6,acres,914.15,27.31,6.6,121.14,24.53,296.68,3.59,1761.25
872,Theni,Sugar Cane,2021,330.53,acres,514.48,26.87,6.76,126.64,55.72,162.59,2.68,885.82
981,Theni,Sugar Cane,2020,212.78,acres,516.04,29.86,7.17,106.69,59.16,239.58,5.1,1085.18
56,Tiruvarur,Sugar Cane,2020,336.7,acres,1482.23,26.32,7.88,141.06,48.33,120.96,5.78,1946.13
115,Tiruvarur,Sugar Cane,2024,55.98,acres,1244.68,25.06,7.96,69.4,38.53,242.23,3.54,198.17
129,Tiruvarur,Sugar Cane,2018,252.54,acres,1389.89,21.11,7.84,177.84,35.79,272.27,4.91,1239.97
337,Tiruvarur,Sugar Cane,2020,250.4,acres,1896.55,24.85,7.53,147.91,44.02,224.68,4.13,1034.15
402,Tiruvarur,Sugar Cane,2016,441.06,acres,1312.73,27.08,7.33,184.69,20.91,111.47,5.21,2297.92
526,Tiruvarur,Sugar Cane,2024,366.01,acres,680.76,25.22,6.98,114.48,68.28,291.93,4.29,1570.18
560,Tiruvarur,Sugar Cane,2016,159.38,acres,1856.86,20.6,6.99,83.67,75.54,168.04,2.81,447.86
960,Tiruvarur,Sugar Cane,2020,293.21,acres,1292.52,31.44,7.75,117.46,44.89,165.83,2.07,606.94
334,Dharmapuri,Sugar Cane,2020,320.16,acres,635.88,20.18,7.84,181.67,64.12,224.56,3.74,1197.4
433,Dharmapuri,Sugar Cane,2018,313.67,acres,1627.32,22.66,7.33,89.33,20.85,219.74,2.45,768.49
600,Dharmapuri,Sugar Cane,2021,17.63,acres,1032.31,20.14,7.24,191.27,24.58,222.1,1.93,34.03
795,Dharmapuri,Sugar Cane,2019,499.36,acres,506.46,23.2,5.72,109.8,63.25,118.59,5.74,2866.33
845,Dharmapuri,Sugar Cane,2015,388.12,acres,1909.18,27.95,7.8,186.8,75.01,155.09,5.01,1944.48
890,Dharmapuri,Sugar Cane,2015,32.1,acres,679.58,34.82,6.68,50.55,28.55,132.99,3.48,111.71
920,Dharmapuri,Sugar Cane,2024,221.59,acres,1861.37,21.59,5.72,192.9,56,158.74,1.52,336.82
963,Dharmapuri,Sugar Cane,2018,107,acres,746.55,33.52,5.59,142.43,32.67,284.35,3.33,356.31
71,Thoothukudi,Sugar Cane,2017,320.27,acres,1244.77,24.36,5.61,178.94,61,167.97,3.1,992.84
445,Thoothukudi,Sugar Cane,2016,18.25,acres,979.89,27.91,7.25,115.94,27.46,259.95,5.96,108.77
545,Thoothukudi,Sugar Cane,2016,405.96,acres,1950.22,34.4,7.71,197.96,55.73,239.6,1.81,734.79
859,Thoothukudi,Sugar Cane,2024,363.35,acres,1132.22,27.54,6.35,74.7,46.56,162.45,5.42,1969.36
946,Thoothukudi,Sugar Cane,2023,339.27,acres,1947.51,22.6,7.38,179.36,55.59,118.5,3.4,1153.52
167,Chennai,Sugar Cane,2019,278.56,acres,995.83,32.66,7.43,57.23,53.77,285.88,3.08,857.96
262,Chennai,Sugar Cane,2016,459.37,acres,506.09,37.97,6.32,134.53,64.42,195,3.48,1598.61
558,Chennai,Sugar Cane,2015,335.58,acres,1258.33,33.65,6.6,145.6,49.75,215.16,3.7,1241.65
584,Chennai,Sugar Cane,2015,249.21,acres,1873.97,21.55,7.29,57.72,46.64,142.61,2.56,637.98
743,Chennai,Sugar Cane,2016,321.66,acres,628.38,31.1,7.6,110.31,57.94,228.7,3.74,1203.01
835,Chennai,Sugar Cane,2015,55.29,acres,1674.16,25.1,7.38,127.44,51.99,277.88,3.22,178.03
95,Coimbatore,Sugar Cane,2017,80.84,acres,955.25,23.69,5.56,188.55,21.88,200.38,2.52,203.72
376,Coimbatore,Sugar Cane,2019,49.77,acres,1450.07,35.06,5.73,127.64,55.06,114.52,3.09,153.79
723,Coimbatore,Sugar Cane,2024,15.56,acres,601.86,30.53,6.3,143.11,47.58,154.1,3.76,58.51
909,Coimbatore,Sugar Cane,2018,319.68,acres,1957.5,22.88,6.46,64.24,75.93,185.3,4.39,1403.4
178,Krishnagiri,Sugar Cane,2016,387.84,acres,1642.22,24.63,5.81,68.97,51.3,269.81,2.86,1109.22
214,Krishnagiri,Sugar Cane,2016,99.69,acres,1836.13,33.01,7.46,185.42,62.19,271.54,3.32,330.97
380,Krishnagiri,Sugar Cane,2019,303.08,acres,1540.55,21.2,7.98,65.67,32.13,165.67,1.64,497.05
392,Krishnagiri,Sugar Cane,2023,140.63,acres,995.92,26.52,6.92,52.16,37.44,184.78,1.66,233.45
415,Krishnagiri,Sugar Cane,2023,112.01,acres,1056.73,37.6,5.56,199.95,37.1,103.29,3.75,420.04
527,Krishnagiri,Sugar Cane,2017,49.79,acres,1792.49,23.72,7.94,194.67,37.91,278.43,5.6,278.82
661,Krishnagiri,Sugar Cane,2021,440.56,acres,1066.31,24.35,7.53,75.34,60.88,164.84,1.91,841.47
160,Perambalur,Sugar Cane,2022,499.26,acres,1851,27.91,7.18,155.08,20.88,109.96,5.14,2566.2
335,Perambalur,Sugar Cane,2023,72.71,acres,1350.03,32.05,7.79,146.8,55.94,218.56,2.3,167.23
520,Perambalur,Sugar Cane,2023,122.63,acres,1702.69,24.76,7.84,152.24,31.59,230.84,1.73,212.15
241,Namakkal,Sugar Cane,2015,367.07,acres,1215.63,31.35,6.7,145.77,38.82,116.69,5.94,2180.4
410,Namakkal,Sugar Cane,2023,150.69,acres,611.24,33.79,5.83,98.69,56.16,121.12,2.71,408.37
575,Namakkal,Sugar Cane,2018,373.1,acres,858.85,28.16,6.07,190.25,25.66,115.12,3.79,1414.05
921,Namakkal,Sugar Cane,2022,253.72,acres,1608.99,37.47,6.18,112.41,35.43,138.34,5.68,1441.13
119,Sivaganga,Sugar Cane,2017,88.55,acres,559.86,22.09,6.79,114.43,63.16,175.98,3.37,298.41
146,Sivaganga,Sugar Cane,2019,195.37,acres,899.96,23.58,6.1,85.2,40.08,131,4.24,828.37
148,Sivaganga,Sugar Cane,2021,419.72,acres,1074.83,24.42,7.2,145.15,30.41,115.79,4.38,1838.37
250,Sivaganga,Sugar Cane,2019,211.08,acres,1400.44,33.29,7.18,116.91,32.9,153.39,5.51,1163.05
309,Sivaganga,Sugar Cane,2018,451.95,acres,541.72,35.71,6.48,70.97,25.67,239.58,2.87,1297.1
494,Sivaganga,Sugar Cane,2020,472,acres,840.22,26.36,6.45,171.48,34.47,285.73,4.18,1972.96
598,Sivaganga,Sugar Cane,2019,239.98,acres,1075.57,26.84,7.07,87.28,70.72,146.24,3.27,784.73
606,Sivaganga,Sugar Cane,2019,82.87,acres,1704.48,36.77,5.76,176.53,72.82,126.03,1.89,156.62
766,Sivaganga,Sugar Cane,2017,152.19,acres,1490.48,33.87,6.46,59.24,58.83,234.85,2.47,375.91
834,Sivaganga,Sugar Cane,2015,343.7,acres,896.74,22.18,7.93,78.18,64.35,189.34,4.55,1563.83
922,Sivaganga,Sugar Cane,2018,173.11,acres,1513.6,27.31,6.01,100.12,31.9,293.87,5.35,926.14
837,Dindigul,Sugar Cane,2016,304.72,acres,621.77,35.3,7.15,153.54,56.85,126.04,4.84,1474.84
959,Dindigul,Sugar Cane,2024,375.93,acres,1208.4,26.12,6.75,157.93,61.24,268.48,4.58,1721.76
332,Viluppuram,Banana,2015,125.15,acres,1640.35,24.97,7.44,138.48,61.98,241.31,4.98,623.25
470,Viluppuram,Banana,2019,281.83,acres,735.85,36.31,7.79,167.21,68.85,260.52,2.09,589.02
621,Viluppuram,Banana,2016,56.6,acres,1143.22,36.77,7.55,152.39,75.21,161.82,5.48,310.17
623,Viluppuram,Banana,2024,66.06,acres,1161.39,25.31,6.09,68.18,56.32,117.73,3.4,224.6
761,Viluppuram,Banana,2016,391.46,acres,566.45,34.24,7.63,63.39,71.7,192.86,3.81,1491.46
2,Salem,Banana,2024,215.19,acres,1658.72,20.44,7.08,62.47,52.76,180.43,4.58,985.57
48,Salem,Banana,2017,213.38,acres,1494.84,22.19,6.98,160.21,51.5,297.22,4.07,868.46
705,Salem,Banana,2023,256.76,acres,1942.16,33.1,5.83,199.14,70.47,218.47,2.3,590.55
750,Salem,Banana,2021,130.46,acres,1847.99,27.38,7.76,74.93,60.69,234.8,5.69,742.32
769,Salem,Banana,2017,449.77,acres,1220.47,23.81,7.51,66.44,78.18,149.73,5.54,2491.73
815,Salem,Banana,2017,221.94,acres,1382.23,33.47,7.59,53.06,61.81,156.72,2.36,523.78
821,Salem,Banana,2015,205.28,acres,1033,24.26,6.82,186.58,53.92,120.42,4.39,901.18
54,Thanjavur,Banana,2020,225.09,acres,1609.54,31.88,5.55,113.83,36.58,151.43,5,1125.45
67,Thanjavur,Banana,2018,446.5,acres,1827.82,23.09,7.14,91.53,70.71,127.93,4.4,1964.6
454,Thanjavur,Banana,2020,415.39,acres,1373.59,31.76,6.23,59.42,58.97,211.74,5.61,2330.34
529,Thanjavur,Banana,2019,406.33,acres,1454.5,31.37,6.85,89.63,50.99,272,1.54,625.75
695,Thanjavur,Banana,2016,84.31,acres,740.42,34.99,6.13,194.87,74.33,258.58,5.62,473.82
844,Thanjavur,Banana,2020,318.31,acres,585.98,30.95,7.4,97.79,39.24,261.55,5.34,1699.78
906,Thanjavur,Banana,2024,464.27,acres,689.28,37.99,6.69,102.5,22.87,207.93,1.63,756.76
964,Thanjavur,Banana,2016,164.57,acres,1019.18,29.42,6.54,174.28,33.74,294.44,5.44,895.26
4,Pudukkottai,Banana,2015,162.78,acres,1133.38,37.35,6.82,124.52,58.37,179.23,5.38,875.76
196,Pudukkottai,Banana,2021,330.36,acres,1263.05,20.42,7.7,148.17,59.73,171.65,2.42,799.47
257,Pudukkottai,Banana,2016,406.78,acres,886.69,23.09,7.53,185.73,29.61,187.66,2.94,1195.93
534,Pudukkottai,Banana,2016,127.88,acres,828.49,34.12,7,192.5,23.87,103.31,5.59,714.85
940,Pudukkottai,Banana,2016,40.58,acres,594.83,36.78,7.18,137.45,21.09,175.15,2.06,83.59
5,Tiruvannamalai,Banana,2023,191.02,acres,864.1,21.55,6.07,182.27,78.94,191.79,5.37,1025.78
34,Tiruvannamalai,Banana,2023,191.59,acres,1537.61,29.86,7.23,84.16,65.39,294.41,2.5,478.98
343,Tiruvannamalai,Banana,2021,358.68,acres,603.87,28.92,6.66,177.88,69.4,173.94,4.97,1782.64
372,Tiruvannamalai,Banana,2015,79.82,acres,1122.07,22.46,7.67,98.11,59.53,170.9,4.87,388.72
841,Tiruvannamalai,Banana,2021,164.4,acres,1694.8,28.49,7.8,148.59,43.31,108.04,5.32,874.61
943,Tiruvannamalai,Banana,2022,458.62,acres,1961.35,23.14,5.82,127.03,51.76,114.81,3.09,1417.14
77,Vellore,Banana,2019,184.33,acres,1815.97,20.84,6.81,173,69.87,139.31,1.96,361.29
550,Vellore,Banana,2015,203,acres,588.44,26.14,7.82,187.39,50.3,124.97,4.43,899.29
792,Vellore,Banana,2018,369.77,acres,1421.71,36.04,7.75,170.45,29.88,107.04,1.71,632.31
854,Vellore,Banana,2015,416.18,acres,1729.52,35.67,6.2,61.2,46.24,148.33,2.33,969.7
36,Tiruppur,Banana,2019,371.89,acres,1421.98,35.56,7.18,199.68,69.57,122.29,2.03,754.94
306,Tiruppur,Banana,2024,153.83,acres,1522.55,21.18,5.89,170.47,69.88,145.52,3.73,573.79
375,Tiruppur,Banana,2018,291.92,acres,957.11,25.21,6.39,187.36,33.75,242.25,3.83,1118.05
570,Tiruppur,Banana,2016,121.86,acres,1166.3,35.67,5.62,113.05,64.62,174.54,3.5,426.51
642,Tiruppur,Banana,2020,430.32,acres,1286.97,20.42,6.97,190.89,60.18,205.49,5.27,2267.79
388,Kanchipuram,Banana,2018,345.38,acres,1594.36,24.57,5.91,98.57,39.93,205.46,2.19,756.38
732,Kanchipuram,Banana,2021,360.66,acres,962.47,24.16,7.85,135.65,27.96,138.18,4.13,1489.53
873,Kanchipuram,Banana,2017,222.31,acres,650.28,26.92,7.7,120.64,40.93,290.1,5.09,1131.56
228,Ramanathapuram,Banana,2016,296.78,acres,1746.16,27.72,6.88,54.55,24.99,262.75,4.49,1332.54
253,Ramanathapuram,Banana,2017,77.15,acres,1724.88,25.56,7.86,186.25,34.09,163.25,2.56,197.5
409,Ramanathapuram,Banana,2015,264.4,acres,1493.77,32.95,7.37,94.22,29.34,132.86,5.3,1401.32
523,Ramanathapuram,Banana,2016,390.68,acres,529.1,36.12,7.91,100.02,51.44,216.74,4.8,1875.26
186,Ariyalur,Banana,2023,61.06,acres,765.22,32.14,6.47,175.56,57.64,130.58,5.56,339.49
245,Ariyalur,Banana,2020,144.94,acres,1886.96,28.86,6.63,172.97,22.31,129.96,4.46,646.43
435,Ariyalur,Banana,2024,245.84,acres,1649.24,31.73,5.82,73.58,66.87,178.96,4.22,1037.44
677,Ariyalur,Banana,2015,360.33,acres,522.69,31.99,6.95,177.55,25.98,224.91,3.42,1232.33
746,Ariyalur,Banana,2015,10.99,acres,855.84,24.13,6.4,65.84,60.12,187.45,3.71,40.77
948,Ariyalur,Banana,2020,75.26,acres,1938.24,33.45,7.66,119.69,24.67,293.35,2.34,176.11
514,Tiruchirappalli,Banana,2022,225.43,acres,1779.92,33.39,5.52,95.54,24.65,185.09,3.25,732.65
585,Tiruchirappalli,Banana,2024,456.25,acres,573.34,21.36,6.4,126.67,39.17,108.94,2.63,1199.94
647,Tiruchirappalli,Banana,2018,5.72,acres,1507.75,32.87,5.67,58.03,72.91,118.61,3.02,17.27
691,Tiruchirappalli,Banana,2023,117.47,acres,1492.1,31.7,6.35,151.38,73.19,224.29,4.56,535.66
211,Cuddalore,Banana,2017,113.09,acres,1928.84,33.71,5.94,118.75,39.8,299.54,1.82,205.82
221,Cuddalore,Banana,2021,249.25,acres,1632.43,27.73,7.49,161.22,43.92,224.07,2.5,623.12
405,Cuddalore,Banana,2015,312.28,acres,1140.57,31.7,5.93,136.4,25.41,182.07,4.99,1558.28
423,Cuddalore,Banana,2015,228.32,acres,1147.44,21.01,7.47,133.32,49.94,108.39,1.93,440.66
537,Cuddalore,Banana,2018,473.49,acres,1846.86,32.09,7.4,109.29,70.53,171.52,4.83,2286.96
673,Cuddalore,Banana,2021,484.91,acres,1545.4,20.51,5.89,146.3,49.26,134.53,2.98,1445.03
816,Cuddalore,Banana,2017,165.45,acres,1137.69,35.11,6.98,134.08,42.84,217.79,4.39,726.33
891,Cuddalore,Banana,2016,367.09,acres,1504.36,21.12,5.7,172.14,31.94,265.85,3.25,1193.04
931,Cuddalore,Banana,2015,116.42,acres,948.89,25.45,7.8,164.53,62.91,147.25,5.85,681.06
213,Karur,Banana,2018,287.39,acres,1783.6,33.5,6.89,172.67,42.86,142.63,3.76,1080.59
216,Karur,Banana,2020,268.02,acres,845.78,31.08,6.01,192.08,54.05,262.23,5.15,1380.3
420,Karur,Banana,2019,408.82,acres,1767.56,22.61,5.74,132.93,43.78,235.97,5.97,2440.66
513,Karur,Banana,2022,390.53,acres,1575.17,25.29,7.62,129,78.45,284.79,5.1,1991.7
581,Karur,Banana,2020,171.14,acres,1374.74,29.79,7.44,65.39,38.82,245.99,4.78,818.05
735,Karur,Banana,2022,83.54,acres,1446.67,27.76,6.75,151.02,27.7,269.03,3.16,263.99
881,Karur,Banana,2019,488.11,acres,905.33,20.71,7.14,102.55,44.28,165.47,5.7,2782.23
901,Karur,Banana,2022,132.59,acres,1292.63,33.47,6.79,172.55,25.92,181.67,5.57,738.53
23,Virudhunagar,Banana,2015,31.66,acres,736.69,28.37,5.63,155.31,76.88,157.33,4.03,127.59
208,Virudhunagar,Banana,2021,87.67,acres,1656.01,37.54,7.96,143.72,62.09,223.28,2.47,216.54
215,Virudhunagar,Banana,2015,192.31,acres,892.18,28.99,7.73,161.51,25.27,238.96,4.43,851.93
892,Virudhunagar,Banana,2024,236.87,acres,626.8,35.21,7.95,180.98,29.31,228.6,3.99,945.11
64,Erode,Banana,2019,279.57,acres,780.85,20.99,7.46,128.4,47.69,112.51,2.64,738.06
139,Erode,Banana,2024,173.61,acres,1467.13,31.07,7.7,190.66,61.1,123.29,3.18,552.08
348,Erode,Banana,2017,410.13,acres,1907.1,35.77,7.05,95.14,63.98,274.44,3.4,1394.44
360,Erode,Banana,2016,206.95,acres,839.41,22.58,6.62,177.66,51.89,166.3,2.54,525.65
510,Erode,Banana,2022,269.49,acres,1032.91,36.44,6.02,196.68,77.61,240.95,4.19,1129.16
578,Erode,Banana,2015,233.05,acres,877.72,36.09,7.53,76.51,57.3,212.28,3.16,736.44
133,Tirunelveli,Banana,2024,361.57,acres,897.3,20.88,7.7,175.09,66.94,103.42,2.62,947.31
411,Tirunelveli,Banana,2018,69.57,acres,1072.91,20.75,7.82,120.01,63.36,171.49,4.16,289.41
474,Tirunelveli,Banana,2020,377.81,acres,1914.23,27.74,7.74,142.42,31.03,213.05,3.79,1431.9
601,Tirunelveli,Banana,2015,246.82,acres,1862.4,36.06,6.54,129.11,57.1,297.02,5.32,1313.08
889,Tirunelveli,Banana,2021,491.53,acres,1078.12,25.66,7.88,169.22,50.19,140.34,2.31,1135.43
962,Tirunelveli,Banana,2020,281.34,acres,1357.13,20.32,5.97,136.27,39.32,241.48,5.99,1685.23
26,Nilgiris,Banana,2018,389.52,acres,983.21,31.08,7.28,188.89,26.04,248.3,4.18,1628.19
80,Nilgiris,Banana,2015,483.68,acres,542.83,33.9,7.43,188.28,39.54,135,5.17,2500.63
609,Nilgiris,Banana,2018,383.55,acres,1001.84,37.94,5.97,177.39,35.19,152.32,2.23,855.32
976,Nilgiris,Banana,2022,135.09,acres,992.28,25.95,7.56,99.4,46.35,212.87,3.32,448.5
229,Nagapattinam,Banana,2016,469.12,acres,1843.1,33.83,6.62,175.36,52.83,112.99,5.36,2514.48
287,Nagapattinam,Banana,2023,365.58,acres,601.09,32.33,6.13,143.9,77.28,137.58,1.54,562.99
628,Nagapattinam,Banana,2015,243.17,acres,1920.26,36.42,7.94,199.85,66.11,269.39,3.55,863.25
697,Nagapattinam,Banana,2017,156.37,acres,816.1,28.57,6.81,133.34,60.95,232.51,5.45,852.22
923,Nagapattinam,Banana,2024,400.52,acres,1149.81,35.68,6.75,175.18,40.09,209.86,1.82,728.95
53,Tiruvallur,Banana,2015,85.76,acres,1025.85,25.36,6.29,134.85,22.74,271.94,4.7,403.07
131,Tiruvallur,Banana,2020,435.53,acres,1707.17,26.04,7.3,70.65,22.92,211.91,2.19,953.81
259,Tiruvallur,Banana,2016,185.47,acres,1773.51,23.56,7.79,118.23,50.26,119.72,3.94,730.75
395,Tiruvallur,Banana,2019,378.9,acres,860.17,22.95,5.8,107.34,25.14,109.17,1.71,647.92
516,Tiruvallur,Banana,2019,65.89,acres,918.51,24.84,6.45,106.06,25.67,136.55,5.01,330.11
595,Tiruvallur,Banana,2024,374.63,acres,778.31,27.77,6.54,166.17,79.18,231.11,4.06,1521
666,Tiruvallur,Banana,2018,474.9,acres,1120.33,34.81,5.94,128.36,66.39,179.29,1.81,859.57
871,Tiruvallur,Banana,2019,167.47,acres,943.56,37.2,6.33,119.98,64.3,202.09,2.72,455.52
956,Tiruvallur,Banana,2019,164.76,acres,918.84,29.79,7.91,89.82,32.05,110.58,2.78,458.03
272,Madurai,Banana,2016,126.55,acres,1788,32.28,5.52,130.3,74.77,124.14,3.94,498.61
530,Madurai,Banana,2017,17.54,acres,1887.61,29.35,6.85,110.31,43.99,167.78,3.58,62.79
548,Madurai,Banana,2015,343.88,acres,1842.01,26.33,5.94,170.71,41.16,251.31,5.16,1774.42
688,Madurai,Banana,2018,466.22,acres,1860.89,37.64,7.35,88.57,66.76,174.02,5.56,2592.18
908,Madurai,Banana,2015,220.67,acres,803.38,22.04,7,137.28,41.55,180.57,2.03,447.96
300,Kanyakumari,Banana,2023,45.13,acres,819.54,33.67,6.71,199.93,51.07,125.51,4.05,182.78
366,Kanyakumari,Banana,2019,23.26,acres,948.98,26.54,7.64,168.98,36.17,153.02,4.27,99.32
685,Kanyakumari,Banana,2022,439.48,acres,1269.4,35.16,5.76,72.57,51.35,209.41,3.13,1375.57
932,Kanyakumari,Banana,2019,137.87,acres,727.37,30.45,5.57,80.41,72.42,115.35,2.56,352.95
89,Theni,Banana,2015,435.09,acres,1095.57,27.37,7.11,88.18,64.48,283.41,5.11,2223.31
926,Theni,Banana,2021,473.86,acres,1317.1,23.45,5.97,68.52,65.13,106.25,5.67,2686.79
368,Tiruvarur,Banana,2021,351.88,acres,875,32.6,6.54,121.94,41.21,236.38,3.72,1308.99
400,Tiruvarur,Banana,2024,437.33,acres,1733.83,32.35,6.25,96.46,68.44,194.94,4.07,1779.93
556,Tiruvarur,Banana,2024,313.27,acres,875.15,24.86,7.19,100.79,53.89,216.22,5.89,1845.16
610,Tiruvarur,Banana,2024,356.39,acres,1869.46,26.74,6.96,145.71,53.1,253.63,5.75,2049.24
631,Tiruvarur,Banana,2015,165.82,acres,713.17,25.55,6.32,124.97,60.75,137.67,4.42,732.92
102,Dharmapuri,Banana,2022,387.08,acres,1969.33,28.49,7.31,122.17,65.6,292.19,5.91,2287.64
406,Dharmapuri,Banana,2021,71.39,acres,1873.36,37.27,7.53,188.17,43.82,182.53,5.38,384.08
580,Dharmapuri,Banana,2022,436.47,acres,682.01,25.58,7.81,96.97,35.36,269.99,5.09,2221.63
371,Thoothukudi,Banana,2016,484.75,acres,1777.6,20.98,7.81,81.51,38.18,203.84,4.67,2263.78
818,Thoothukudi,Banana,2022,103.56,acres,1476.24,25.45,7.7,64.83,46.02,192.49,4.13,427.7
330,Coimbatore,Banana,2018,358.45,acres,745.93,28.5,7.02,71.67,25.19,266.62,1.83,655.96
357,Coimbatore,Banana,2015,333.95,acres,900.83,36.41,6.35,159.01,70.19,280.98,3.57,1192.2
624,Coimbatore,Banana,2023,15.12,acres,1026.27,32.89,8,186.44,71.61,136.15,5.37,81.19
672,Coimbatore,Banana,2018,485.39,acres,1614.38,31.34,6.84,107.17,73.2,175.48,1.71,830.02
714,Coimbatore,Banana,2015,331.54,acres,1217.2,30.77,7.43,147.05,34.42,151.8,4.35,1442.2
777,Coimbatore,Banana,2023,47.25,acres,1667.69,31.82,7.97,159.32,62.88,287.89,1.59,75.13
902,Coimbatore,Banana,2019,320.61,acres,1836.74,36.9,7.71,103.77,63.14,130.42,1.81,580.3
169,Krishnagiri,Banana,2022,468.8,acres,1126.68,35.71,5.98,140.11,79.87,298.62,5.87,2751.86
172,Krishnagiri,Banana,2024,488.76,acres,1308.8,30.99,6.28,104.77,72.32,206.46,4.22,2062.57
622,Krishnagiri,Banana,2022,227.43,acres,1870.49,20.54,6.99,193.96,65.32,153.84,3.17,720.95
432,Perambalur,Banana,2021,54.24,acres,1812.1,34.62,7.33,191.66,79.32,172.57,4.45,241.37
488,Namakkal,Banana,2017,337.27,acres,1676.18,28.18,7,167.41,69.05,285.74,4.52,1524.46
521,Namakkal,Banana,2022,104.71,acres,731.2,28.65,6.78,178.08,38.55,137.99,5.81,608.37
522,Namakkal,Banana,2024,414.02,acres,1750,27.79,6.98,169.67,77.69,137.49,3.32,1374.55
713,Namakkal,Banana,2019,390.75,acres,1618.16,31.97,5.64,130.8,41.02,206.99,2.05,801.04
128,Sivaganga,Banana,2024,489.03,acres,1947.54,32.06,7.18,107.57,63.46,192.16,4.36,2132.17
477,Sivaganga,Banana,2021,98.75,acres,1736.75,23.71,7.94,107.08,59.42,181.19,4.16,410.8
602,Sivaganga,Banana,2021,306.61,acres,556.19,28,6.81,160.1,76.95,121.92,1.97,604.02
952,Sivaganga,Banana,2022,321.58,acres,872.67,33.44,6.61,65.54,31.38,199.74,4.8,1543.58
975,Sivaganga,Banana,2024,250.95,acres,783.83,28.68,7.64,52.77,29.97,244.11,1.83,459.24
979,Sivaganga,Banana,2024,490.62,acres,1565.85,34.92,7.38,114.36,59.96,207.27,4.92,2413.85
983,Sivaganga,Banana,2022,243.57,acres,1087.39,34.72,6.37,86.18,46.26,291.91,5.59,1361.56
307,Dindigul,Banana,2023,411.77,acres,1681.77,22.05,6.81,177.75,24.45,106.51,4.48,1844.73
361,Dindigul,Banana,2015,291.93,acres,1527.1,27.44,7.1,77.02,37.9,265.54,3.6,1050.95
493,Dindigul,Banana,2017,373.74,acres,937,29.4,5.85,82.33,64.88,268.53,2.67,997.89
634,Viluppuram,Sun Flower,2020,278.4,acres,1979.07,32.62,7.68,122.55,43.23,241.24,2.06,573.5
770,Viluppuram,Sun Flower,2024,374.31,acres,1507.2,32.98,7.28,95.2,38.54,292.49,3.91,1463.55
895,Viluppuram,Sun Flower,2018,477.67,acres,1884.89,35.76,7.23,108.1,65.35,229.87,3.09,1476
124,Salem,Sun Flower,2016,492.02,acres,1674.13,28.9,5.94,187.79,53.58,261.16,2.46,1210.37
692,Salem,Sun Flower,2022,322.81,acres,891.79,24.3,7.09,154.09,65.42,290.49,2.96,955.52
938,Salem,Sun Flower,2016,68.97,acres,891.62,22.15,5.67,50.42,30.9,228.14,3.73,257.26
950,Salem,Sun Flower,2015,357.85,acres,589.32,23.03,7.4,160.7,69,176.24,2.13,762.22
147,Thanjavur,Sun Flower,2023,91.54,acres,604.3,36.73,6.8,169.17,78.74,146.76,5.84,534.59
181,Thanjavur,Sun Flower,2024,294.14,acres,1488.02,23.83,7.26,147.65,60.34,285.63,1.94,570.63
704,Thanjavur,Sun Flower,2020,271.84,acres,1515.75,30.94,7.08,106.54,44.36,107.18,4.44,1206.97
715,Thanjavur,Sun Flower,2018,194.09,acres,686.71,24.1,6.71,90.16,69.27,195.29,3.95,766.66
820,Thanjavur,Sun Flower,2019,78.61,acres,868.14,35.71,7.08,196.56,69.85,158.37,4.34,341.17
35,Pudukkottai,Sun Flower,2015,266.32,acres,1275.32,24.69,6.45,198.29,75.75,278.18,3.06,814.94
57,Pudukkottai,Sun Flower,2020,306.14,acres,808.63,30.34,6.4,150.77,69.08,207.09,3.79,1160.27
61,Pudukkottai,Sun Flower,2015,210.22,acres,648.56,32.46,7.29,163.42,38.81,256.87,4.56,958.6
154,Pudukkottai,Sun Flower,2015,488.96,acres,1313.19,31.58,5.72,135.1,37.92,129.44,3.11,1520.67
438,Pudukkottai,Sun Flower,2018,350.98,acres,988.13,29.92,7.02,113.08,29.08,215.55,2.21,775.67
629,Pudukkottai,Sun Flower,2019,165.58,acres,1118.68,36.69,7.97,99.24,79.11,227.96,5.61,928.9
126,Tiruvannamalai,Sun Flower,2015,319.98,acres,1749.77,25.22,6.51,137.11,61.8,155.95,3.32,1062.33
151,Tiruvannamalai,Sun Flower,2016,243.04,acres,849.35,37.43,7.91,168.07,31.9,111.15,2.97,721.83
204,Tiruvannamalai,Sun Flower,2020,317.97,acres,1285.31,26.39,5.96,88.77,20.47,293.66,4.85,1542.15
442,Tiruvannamalai,Sun Flower,2022,52.41,acres,1410.63,36.2,6.7,50.95,20.45,212.28,4.91,257.33
500,Tiruvannamalai,Sun Flower,2016,78.29,acres,1636.91,21.06,7.07,152.22,28.16,157.28,4.65,364.05
525,Tiruvannamalai,Sun Flower,2020,499.62,acres,1902.99,26.47,6.94,62.56,48.25,178.42,2.69,1343.98
637,Tiruvannamalai,Sun Flower,2015,333.82,acres,1333.25,30.6,5.52,179.64,35.19,229.83,3.61,1205.09
653,Tiruvannamalai,Sun Flower,2019,344.42,acres,1543.81,24.95,7.6,51.94,75.36,166.9,1.86,640.62
773,Tiruvannamalai,Sun Flower,2020,150.13,acres,1416.42,33.24,8,184.25,48.31,135.95,4.36,654.57
1000,Tiruvannamalai,Sun Flower,2020,84.82,acres,749.89,20.96,5.87,122.42,27.57,142.31,3.41,289.24
86,Vellore,Sun Flower,2019,170.63,acres,1591.78,29.8,6.95,89.92,51.56,270.77,5.98,1020.37
507,Vellore,Sun Flower,2016,150.49,acres,1937.75,22.64,7.05,141.86,47.84,182.26,4.54,683.22
544,Vellore,Sun Flower,2015,216.94,acres,1175.56,35.57,6.11,123.54,78.68,200.91,5.73,1243.07
552,Vellore,Sun Flower,2023,135.32,acres,676.42,36.89,6.13,97.68,46.4,243.25,2.99,404.61
63,Tiruppur,Sun Flower,2015,420.66,acres,1959.6,36.82,7.81,93.74,66.85,113.95,3.04,1278.81
367,Tiruppur,Sun Flower,2019,210.7,acres,762.5,23.47,5.71,193.35,42.71,287.51,3.05,642.63
591,Tiruppur,Sun Flower,2016,239.56,acres,1285.03,24,7.2,83.15,48.46,270.07,5.47,1310.39
593,Tiruppur,Sun Flower,2016,316.46,acres,1253.16,30.67,6.03,92.17,63.99,257.96,4.31,1363.94
905,Tiruppur,Sun Flower,2016,284.34,acres,522.83,22.08,7.36,96.55,53.86,140.43,4.62,1313.65
997,Tiruppur,Sun Flower,2016,388.28,acres,1197.23,35.09,7.3,125.7,65.09,186.76,5.13,1991.88
234,Kanchipuram,Sun Flower,2020,213.44,acres,1810.83,21.17,7.43,98.67,45.85,105.13,3.46,738.5
311,Kanchipuram,Sun Flower,2022,7.02,acres,1795.61,21.26,6.58,65.07,54.09,164.18,1.94,13.62
574,Kanchipuram,Sun Flower,2022,447.36,acres,1621.42,25.6,6.2,145.15,26.58,100.28,4.35,1946.02
603,Kanchipuram,Sun Flower,2016,411.81,acres,1373.51,23.69,5.61,197.35,55.11,140.04,3.59,1478.4
716,Kanchipuram,Sun Flower,2017,105.58,acres,645.31,26.51,5.99,145.95,28,130.61,2.76,291.4
725,Kanchipuram,Sun Flower,2024,367.58,acres,653.56,31.77,5.64,62.77,21.95,105.05,1.87,687.37
733,Kanchipuram,Sun Flower,2021,9.22,acres,1694.5,27.12,7.08,144.34,50.38,126.94,3.85,35.5
996,Kanchipuram,Sun Flower,2019,468.87,acres,1493.49,30.1,7,117.69,51.93,214.73,3.59,1683.24
12,Ramanathapuram,Sun Flower,2017,427.15,acres,1328.41,33.58,7.66,86.54,25.12,275.42,1.86,794.5
28,Ramanathapuram,Sun Flower,2015,406.82,acres,1607.02,32.65,7.35,134.39,31.77,200.85,3.56,1448.28
185,Ramanathapuram,Sun Flower,2016,252.18,acres,1786.48,31.49,7.18,186.01,54.52,251.48,2.43,612.8
242,Ramanathapuram,Sun Flower,2021,335.54,acres,894.02,22.03,6.79,153.8,62.41,252.32,1.6,536.86
359,Ramanathapuram,Sun Flower,2021,32.91,acres,1944.76,29.87,6.07,174.89,38.62,135.79,3.91,128.68
430,Ramanathapuram,Sun Flower,2016,117.62,acres,1501.08,25.37,5.79,120.76,26.35,190.59,2.34,275.23
546,Ramanathapuram,Sun Flower,2016,283.57,acres,733.07,32.03,5.65,65.73,35.66,179.7,2.69,762.8
633,Ramanathapuram,Sun Flower,2022,407.28,acres,1600.28,32.12,7.51,80.72,61.33,104.17,2.85,1160.75
664,Ramanathapuram,Sun Flower,2024,114.79,acres,1121.74,25.62,6.06,102.72,77.89,108.02,4.77,547.55
144,Ariyalur,Sun Flower,2022,216.43,acres,1387.7,24.67,7.14,72.28,61.82,243.1,3.98,861.39
179,Ariyalur,Sun Flower,2023,310.84,acres,1280.38,36.12,5.58,76.41,74.3,245.24,2.01,624.79
417,Ariyalur,Sun Flower,2024,436.19,acres,989.57,30.09,7.41,95.96,23.94,204.5,4.77,2080.63
479,Ariyalur,Sun Flower,2024,232.24,acres,1815.3,32.61,7.74,109.28,36.95,144.13,2.87,666.53
572,Ariyalur,Sun Flower,2018,365.14,acres,1602.93,28.1,7.71,166.29,74.12,141.18,4.25,1551.85
590,Ariyalur,Sun Flower,2020,205.95,acres,562.88,20.79,6.38,67.9,40.16,291.83,2.98,613.73
876,Ariyalur,Sun Flower,2015,404.1,acres,1559.01,26.59,6.54,196.1,72.72,153.5,3.42,1382.02
33,Tiruchirappalli,Sun Flower,2018,44.56,acres,1887.81,35.96,7.8,179.88,31.46,167.79,3.19,142.15
165,Tiruchirappalli,Sun Flower,2024,192.98,acres,1587.82,34.69,6.96,157.77,71.11,102.34,5.74,1107.71
197,Tiruchirappalli,Sun Flower,2019,302.8,acres,1285.56,26.72,7.29,86.05,50.09,238.07,4.56,1380.77
275,Tiruchirappalli,Sun Flower,2016,290.95,acres,1455.98,35.73,6.49,181.72,46.7,209.48,3.52,1024.14
293,Tiruchirappalli,Sun Flower,2018,425.02,acres,1865.8,22.67,6.25,150.05,39.99,119.37,2.31,981.8
315,Tiruchirappalli,Sun Flower,2016,175.47,acres,1662.19,27.56,7.95,85.68,66.79,195.19,1.69,296.54
401,Tiruchirappalli,Sun Flower,2017,90.58,acres,1144.19,28.13,6.21,135.39,60.02,201.66,4.22,382.25
880,Tiruchirappalli,Sun Flower,2017,447.08,acres,1495.54,35.87,6.52,75.29,68.32,130.88,5.26,2351.64
51,Cuddalore,Sun Flower,2015,36.57,acres,1718.89,22.25,7.6,166.39,48.77,142.64,5.18,189.43
247,Cuddalore,Sun Flower,2022,354.47,acres,987.53,33.81,5.65,169.64,49.45,112.08,3.76,1332.81
268,Cuddalore,Sun Flower,2020,98.67,acres,955.51,33.44,7.47,89.42,48.1,196.57,5.54,546.63
615,Cuddalore,Sun Flower,2020,338.15,acres,995.07,32.16,5.96,90.78,45.94,193.08,5.95,2011.99
972,Cuddalore,Sun Flower,2019,401.26,acres,897.56,35.81,7.52,179.38,69.58,122.89,5.57,2235.02
122,Karur,Sun Flower,2019,305.02,acres,556.63,23.03,5.54,194.78,58.39,164.61,4.75,1448.84
684,Karur,Sun Flower,2022,307.23,acres,1744.1,24,7.6,184.63,35.2,262.54,5.51,1692.84
781,Karur,Sun Flower,2023,287.58,acres,1295.64,33.19,5.75,139.22,21.55,278.21,5.39,1550.06
874,Karur,Sun Flower,2015,235.15,acres,1121.19,37.33,7.87,142.63,31.42,117.85,4.92,1156.94
930,Karur,Sun Flower,2017,110.39,acres,570.24,29.08,7.75,199.61,54.43,280.27,3.16,348.83
82,Virudhunagar,Sun Flower,2016,117.57,acres,1739.61,35.49,6.67,70.68,29.81,244.21,1.78,209.27
130,Virudhunagar,Sun Flower,2020,231.88,acres,1022.55,28.15,7.95,159.64,28.13,156.48,2.22,514.77
152,Virudhunagar,Sun Flower,2022,389.36,acres,1342.74,34.36,7.38,107.06,51.86,265.83,5.06,1970.16
249,Virudhunagar,Sun Flower,2017,127.57,acres,1221.29,29.1,5.93,152.35,47.18,142.7,1.59,202.84
298,Virudhunagar,Sun Flower,2018,130.32,acres,655.64,34.39,5.62,73.9,40.31,106.41,3.44,448.3
370,Virudhunagar,Sun Flower,2024,154.04,acres,720.01,33.67,6.27,87.87,61.82,181.63,2.11,325.02
377,Virudhunagar,Sun Flower,2018,389,acres,657.88,35.49,6.65,136.52,38.7,242.37,5.49,2135.61
466,Virudhunagar,Sun Flower,2015,286.02,acres,1131.64,25.09,7.84,167.24,60.92,291.48,3.61,1032.53
650,Virudhunagar,Sun Flower,2015,29.01,acres,565.18,26.62,6.26,57.8,41.66,267.01,4.04,117.2
867,Virudhunagar,Sun Flower,2016,304.53,acres,967.63,34.05,7.32,145.59,68.79,192.3,4.03,1227.26
914,Virudhunagar,Sun Flower,2024,173.26,acres,887.92,35.12,7.09,124.46,50.07,161.98,4.38,758.88
942,Virudhunagar,Sun Flower,2017,128.59,acres,1435.3,24.52,7.79,176.68,76.58,288.72,3.94,506.64
954,Virudhunagar,Sun Flower,2022,162.14,acres,983.26,27.04,6.72,195.77,38.64,225.57,3.16,512.36
24,Erode,Sun Flower,2020,87.84,acres,1570.77,35.86,6.76,62.06,46.4,245.86,3.51,308.32
155,Erode,Sun Flower,2018,118.59,acres,1789.6,22.91,7.02,84.46,33.61,116.5,3.08,365.26
448,Erode,Sun Flower,2016,7.4,acres,920.01,35.9,7.56,130.72,40.93,297.28,4.92,36.41
700,Erode,Sun Flower,2016,422.59,acres,527.29,27.78,7.37,153.36,23.54,271.13,5.1,2155.21
722,Erode,Sun Flower,2017,457.89,acres,1535.54,37.41,6.39,154.98,44.12,267.1,6,2747.34
830,Erode,Sun Flower,2017,267.21,acres,807.4,35.46,5.54,198.93,39.35,107.02,3.9,1042.12
59,Tirunelveli,Sun Flower,2015,466.8,acres,1895.67,27.92,5.53,59.06,73.06,239.54,4.31,2011.91
94,Tirunelveli,Sun Flower,2016,212.08,acres,1356.27,25.52,7.84,110.35,33.75,236.51,1.65,349.93
238,Tirunelveli,Sun Flower,2022,275.01,acres,1623.62,29.84,5.94,166.04,72.45,285.48,5.09,1399.8
444,Tirunelveli,Sun Flower,2019,62.54,acres,872.85,21.66,6.69,72.72,49.07,283.94,2.63,164.48
463,Tirunelveli,Sun Flower,2023,332.08,acres,1687.93,21.58,7.12,117.88,67.31,184.03,3.47,1152.32
571,Tirunelveli,Sun Flower,2021,87.18,acres,900.19,33.52,5.82,106.81,34.6,275.22,2.9,252.82
656,Tirunelveli,Sun Flower,2017,106.07,acres,1471.72,31.19,7.32,199.87,56.99,151.87,3.75,397.76
991,Tirunelveli,Sun Flower,2020,248.5,acres,676.5,32.19,6.99,193.08,36.55,267.9,5.78,1436.33
416,Nilgiris,Sun Flower,2020,89.68,acres,1423.67,28.92,5.81,59.31,25.04,272.72,2.75,246.62
683,Nilgiris,Sun Flower,2018,302.42,acres,1114.38,21.96,6.08,52.48,30.04,151.26,3.34,1010.08
720,Nilgiris,Sun Flower,2017,127.66,acres,1773.06,33.01,6.83,164.41,49.33,198.44,1.53,195.32
749,Nilgiris,Sun Flower,2021,338.28,acres,1816.26,33.94,6.27,156.71,22.1,209.84,5.56,1880.84
117,Nagapattinam,Sun Flower,2016,260.32,acres,1705.77,29.33,6.48,136.28,60.01,295.96,1.55,403.5
459,Nagapattinam,Sun Flower,2015,118.91,acres,621.35,28.1,5.56,107.4,37.83,200.19,4.49,533.91
542,Nagapattinam,Sun Flower,2019,225.59,acres,1380.12,28.8,7,78.32,59.85,270.26,2.49,561.72
568,Nagapattinam,Sun Flower,2021,93.31,acres,1345.71,25.93,7.37,170.08,32.37,206.93,5.58,520.67
740,Nagapattinam,Sun Flower,2023,27.42,acres,1587.86,37.53,7.76,169.02,52.8,228.61,5.89,161.5
153,Tiruvallur,Sun Flower,2020,289.1,acres,983.03,35.06,7.23,192.68,64.38,257.19,4,1156.4
355,Tiruvallur,Sun Flower,2023,32.09,acres,1383.69,32.64,6.41,68.94,72.28,248.92,4.41,141.52
538,Tiruvallur,Sun Flower,2020,250.6,acres,1107.17,37.44,5.7,187,27.95,282.51,5.6,1403.36
636,Tiruvallur,Sun Flower,2020,284.27,acres,829.55,28.66,6.02,195.91,49.02,167.09,5.85,1662.98
107,Madurai,Sun Flower,2020,273.15,acres,1657.75,25.1,6.51,165.54,75.78,259.03,5.4,1475.01
269,Madurai,Sun Flower,2015,84.53,acres,1301.04,34.78,6.73,139.29,29.21,264.09,4.48,378.69
742,Madurai,Sun Flower,2021,322.08,acres,1771.18,35.37,7.19,127.71,21.02,194.33,2.65,853.51
779,Madurai,Sun Flower,2022,63.49,acres,1821.34,36.67,5.95,128.61,50.76,170.75,1.55,98.41
887,Madurai,Sun Flower,2017,180.02,acres,1649.58,30.33,7.63,157.93,43.81,269.27,2.54,457.25
55,Kanyakumari,Sun Flower,2023,145.91,acres,1450.08,24.51,7.26,86.63,41.24,111.32,4.94,720.8
356,Kanyakumari,Sun Flower,2015,8.69,acres,1465.19,30.04,6.78,151.53,56.16,207.38,4.84,42.06
657,Kanyakumari,Sun Flower,2018,379.11,acres,1694.18,29.97,7.84,196.58,46.3,251.39,3.22,1220.73
62,Theni,Sun Flower,2023,455.06,acres,1897.7,29.14,5.92,139.41,73.95,170.45,1.74,791.8
291,Theni,Sun Flower,2017,89.59,acres,1817.36,28.49,7.66,115.14,26.49,194.1,2.02,180.97
751,Theni,Sun Flower,2016,191.65,acres,1445.55,31.34,7.91,153.01,43.3,227.66,2.49,477.21
760,Theni,Sun Flower,2021,171.16,acres,1713.98,35.42,7.83,89.93,37.03,115.55,1.87,320.07
254,Tiruvarur,Sun Flower,2015,300.42,acres,942.23,27.4,7.49,196.19,29.22,252.29,2.44,733.02
496,Tiruvarur,Sun Flower,2018,192.23,acres,1254.73,30.59,7.99,118.75,62.87,183.09,1.72,330.64
955,Tiruvarur,Sun Flower,2023,468.93,acres,790.71,26.73,6.22,176.25,68.56,274.58,4,1875.72
72,Dharmapuri,Sun Flower,2016,204.62,acres,1029.48,27.16,7.7,152.31,56.8,126.54,2.94,601.58
116,Dharmapuri,Sun Flower,2019,97.4,acres,730.64,27,6.7,171.98,20.63,209.31,5.42,527.91
182,Dharmapuri,Sun Flower,2022,22.09,acres,896.42,24.74,6.33,171.11,72.98,157.76,3.84,84.83
928,Dharmapuri,Sun Flower,2021,81.86,acres,1791.22,28.48,6.31,131.86,71.13,273.36,1.82,148.99
97,Thoothukudi,Sun Flower,2022,14.54,acres,1845.98,29.82,6.13,156.83,49.28,218.84,3.45,50.16
156,Thoothukudi,Sun Flower,2021,52.2,acres,823.56,26.01,6.87,137.22,66.33,160.07,4.82,251.6
258,Thoothukudi,Sun Flower,2022,217.3,acres,568.51,32.9,6.56,140.26,59.93,227.54,2.61,567.15
767,Thoothukudi,Sun Flower,2018,124.71,acres,1575.94,26.69,7.65,123.55,30.02,244.77,3.31,412.79
567,Chennai,Sun Flower,2016,427.19,acres,1445.36,23.05,7.2,129.51,74.86,134.28,4.71,2012.06
187,Coimbatore,Sun Flower,2022,10.52,acres,613.57,35.63,7.09,162.5,52.45,247.12,2.32,24.41
251,Coimbatore,Sun Flower,2017,22.28,acres,1271.19,22.88,6.32,75.19,43.98,204.36,5.72,127.44
295,Coimbatore,Sun Flower,2015,75.44,acres,547.2,32.6,7.32,177.66,39.5,116.51,2.65,199.92
373,Coimbatore,Sun Flower,2019,350.91,acres,1553.92,30.51,6.72,76.83,78.34,203.1,3.03,1063.26
403,Coimbatore,Sun Flower,2019,251.83,acres,914.36,32.4,6.32,60.1,33.08,113.36,4.87,1226.41
473,Coimbatore,Sun Flower,2024,143.52,acres,765.24,21.83,7.7,174.01,59.46,226.4,3.49,500.88
772,Coimbatore,Sun Flower,2017,448.12,acres,888.15,21.16,5.54,143.9,62.7,176.52,4.13,1850.74
789,Coimbatore,Sun Flower,2023,406.72,acres,1676.85,29.67,7.09,186.68,53.55,294.4,3.12,1268.97
848,Coimbatore,Sun Flower,2023,225.78,acres,1966.32,30.17,6.12,66.79,22.64,135.07,3.25,733.78
217,Krishnagiri,Sun Flower,2017,13.88,acres,1066.69,21.52,7.99,116.41,45.11,199.3,5.2,72.18
237,Krishnagiri,Sun Flower,2023,468.8,acres,986.55,28.24,7.1,137.42,54.36,209.02,4.86,2278.37
461,Krishnagiri,Sun Flower,2024,91.34,acres,1167.48,30.28,7.62,94.72,37.66,246.16,2.09,190.9
913,Krishnagiri,Sun Flower,2018,479.07,acres,1071.52,34.14,6.9,84.34,61.59,260.85,5.17,2476.79
246,Perambalur,Sun Flower,2021,206.51,acres,827.95,32.82,6.06,61.15,50.75,228.39,5.41,1117.22
495,Perambalur,Sun Flower,2019,364.51,acres,987.42,28.73,7.73,105.65,79.37,181.91,1.82,663.41
619,Perambalur,Sun Flower,2017,337.61,acres,1815.69,32.24,7,97.93,24.95,136.76,3.64,1228.9
961,Perambalur,Sun Flower,2019,123.38,acres,1790.29,20.79,6.26,172.11,29.53,267.28,4.2,518.2
989,Perambalur,Sun Flower,2019,120.23,acres,750.59,22.16,7.29,181.21,64.24,288.08,2.05,246.47
992,Perambalur,Sun Flower,2018,458.28,acres,1774.5,32.02,6.46,50.33,26.41,125.76,5.5,2520.54
174,Namakkal,Sun Flower,2024,354.74,acres,601.9,35.87,7.73,72.27,20.51,271.41,2.35,833.64
436,Sivaganga,Sun Flower,2017,120.45,acres,907.15,33.06,6.73,77.47,68.14,135.64,4.52,544.43
608,Sivaganga,Sun Flower,2021,247.81,acres,1278.42,37.25,6.64,95.38,21.7,137.78,2.46,609.61
667,Sivaganga,Sun Flower,2020,395.15,acres,1391.27,21.44,6.87,195.7,56.64,259.31,3.87,1529.23
702,Sivaganga,Sun Flower,2020,495.74,acres,1286.14,27.01,6.17,185.3,32.72,225.11,3.71,1839.2
994,Sivaganga,Sun Flower,2023,485.17,acres,1526.97,29,7.37,185.26,28.2,124,4.17,2023.16
164,Dindigul,Sun Flower,2021,381.76,acres,1307.52,23.79,6.44,90.01,54.72,298.77,3.42,1305.62
518,Dindigul,Sun Flower,2016,419.06,acres,1838.28,34.75,7.62,184.94,23.27,238.18,5.79,2426.36
535,Dindigul,Sun Flower,2023,441.47,acres,1993.02,23.62,5.61,160.48,25.09,147.19,1.85,816.72
589,Dindigul,Sun Flower,2016,151.12,acres,1629.83,33.8,6.04,172.89,27.1,286.63,3.57,539.5
797,Dindigul,Sun Flower,2023,236.79,acres,1124.61,24.96,7.73,110.09,47.88,189.64,1.9,449.9
810,Dindigul,Sun Flower,2021,272.98,acres,1404.4,37.78,6.15,122.28,77.85,105.84,4.83,1318.49
